"Location	EG",EG
"1..1524	1",1
"2052..3260	0",0
"3280..4437	0",0
"4434..4997	0",0
"5240..7267	0",0
"7302..9818	0",0
"9914..10828	0",0
"11874..12311	0",0
"12468..13016	0",0
"13133..13558	0",0
"13714..13995	0",0
"14089..14877	0",0
"14914..15612	0",0
"15590..17470	1",1
"17467..18762	1",1
"18759..20234	0",0
"20231..21640	0",0
"21637..23181	0",0
"23270..23737	0",0
"23861..25444	0",0
"25913..26881	0",0
"27023..27442	0",0
"27595..28365	0",0
"28362..29207	0",0
"29245..29607	0",0
"29722..31068	0",0
"31189..31506	0",0
"31514..31819	0",0
"32057..33154	0",0
"33224..33553	0",0
"34295..36610	0",0
"36607..36870	0",0
"36867..37262	0",0
"37259..38947	0",0
"39056..39829	0",0
"39877..41202	0",0
"41304..41912	0",0
"42004..42351	0",0
"42433..43365	0",0
"43562..46471	1",1
"46581..47207	0",0
"47366..48100	0",0
"48233..49027	0",0
"49043..49939	0",0
"50021..51124	0",0
"51185..51727	0",0
"51828..52697	0",0
"52831..53244	0",0
"53663..55699	0",0
"55696..57378	0",0
"57410..57973	0",0
"58192..58482	0",0
"58586..59080	0",0
"59122..59376	0",0
"59409..59867	0",0
"59896..60417	0",0
"60396..63020	1",1
"63200..63892	0",0
"63909..64967	1",1
"65012..65350	0",0
"65552..66694	0",0
"66923..68362	0",0
"68620..71559	0",0
"71589..71828	0",0
"71821..72222	0",0
"72274..74511	0",0
"74629..75198	0",0
"75301..76212	0",0
"76237..77622	0",0
"77619..78896	0",0
"79486..80193	0",0
"80624..81673	0",0
"81676..82668	0",0
"82748..83983	0",0
"83996..85168	0",0
"85183..85572	0",0
"85636..86466	0",0
"86528..87133	0",0
"87208..87801	0",0
"87798..88004	0",0
"88204..89025	0",0
"89022..89480	0",0
"89575..89919	0",0
"89924..90403	0",0
"90400..92322	0",0
"92328..93278	0",0
"93289..93951	1",1
"93951..95417	1",1
"95414..96892	0",0
"96927..97601	0",0
"97758..98351	0",0
"98480..99250	0",0
"99684..100451	0",0
"100583..102868	0",0
"102815..103663	0",0
"103710..104663	0",0
"104805..105215	0",0
"105324..106715	0",0
"106734..107603	0",0
"107600..108151	0",0
"108156..109778	0",0
"109783..110019	0",0
"110001..117539	0",0
"117714..119699	1",1
"119915..122173	0",0
"122317..123831	0",0
"123980..124264	0",0
"124374..125570	0",0
"125643..130541	0",0
"130895..131104	0",0
"131382..132872	0",0
"133020..133769	0",0
"133950..136007	0",0
"136289..137245	1",1
"137319..137909	0",0
"137941..138513	0",0
"138513..139673	0",0
"140267..141022	0",0
"141200..142144	0",0
"142128..143876	1",1
"144049..145626	0",0
"145627..147771	0",0
"147908..148342	0",0
"148491..148859	0",0
"148856..149224	0",0
"149533..150996	0",0
"151148..152215	0",0
"152324..154129	0",0
"154232..155599	1",1
"155667..156446	0",0
"156578..157600	0",0
"157847..158302	0",0
"158315..159658	0",0
"159700..160782	0",0
"160869..161474	0",0
"161771..162673	0",0
"162644..163249	0",0
"163366..164691	0",0
"164712..165260	0",0
"165323..165826	0",0
"165827..166849	0",0
"166910..167290	0",0
"167271..167681	0",0
"167711..168637	0",0
"168704..170182	0",0
"170284..171126	0",0
"171215..172168	0",0
"172211..173143	0",0
"173238..174758	0",0
"174833..175693	0",0
"175700..176668	0",0
"176665..176952	0",0
"177543..179309	0",0
"179319..180896	0",0
"181155..181985	0",0
"181987..183198	0",0
"183622..184722	0",0
"184723..185055	0",0
"185052..186479	0",0
"186495..186623	0",0
"186785..187429	0",0
"187433..188839	0",0
"188931..190439	0",0
"190607..191956	0",0
"191984..193135	0",0
"193117..193572	0",0
"193626..194111	0",0
"194144..194815	0",0
"194993..196657	0",0
"196861..197658	0",0
"197660..198529	0",0
"198534..199898	0",0
"199895..200935	0",0
"200932..202479	0",0
"202476..204068	0",0
"204065..205237	0",0
"205231..206778	0",0
"206814..207455	0",0
"207452..208420	0",0
"208417..208971	0",0
"208938..209672	0",0
"209703..210812	0",0
"210892..212250	0",0
"212277..213011	0",0
"213028..214140	0",0
"214088..214927	0",0
"214969..215718	0",0
"215715..216224	0",0
"216269..218344	0",0
"218390..218551	0",0
"218705..219367	0",0
"219486..219917	0",0
"219996..221723	1",1
"221871..222161	0",0
"222289..223530	0",0
"223564..224664	0",0
"224724..226571	0",0
"226878..230462	0",0
"230899..231534	0",0
"231647..232231	0",0
"232231..234519	0",0
"234516..236507	0",0
"236550..237209	0",0
"237206..237895	0",0
"237892..238395	0",0
"238392..241292	0",0
"241514..241924	0",0
"241976..243214	0",0
"243384..244487	1",1
"244484..247318	0",0
"247384..248112	0",0
"248115..248906	1",1
"249038..250123	0",0
"250120..251598	0",0
"251782..253602	0",0
"253669..254640	0",0
"254637..255950	0",0
"256064..257677	0",0
"258913..259926	0",0
"259923..260831	0",0
"260924..262252	0",0
"262254..262802	0",0
"262812..264023	0",0
"264067..265476	0",0
"265507..266295	0",0
"266301..267764	0",0
"267863..268627	1",1
"268663..269817	0",0
"269834..271564	1",1
"271574..272839	1",1
"273055..274278	1",1
"274983..275963	0",0
"276058..277764	0",0
"277899..278588	0",0
"278585..279529	0",0
"279605..281140	0",0
"281166..282614	0",0
"282649..286851	1",1
"286898..287071	0",0
"287186..288352	0",0
"288428..289042	0",0
"289104..289337	0",0
"289345..289782	0",0
"289812..290654	0",0
"290665..292029	0",0
"292171..293493	0",0
"293798..295633	0",0
"296005..296493	0",0
"296809..298119	0",0
"298116..298862	0",0
"298863..300803	0",0
"300834..301655	0",0
"301735..302028	0",0
"302173..302652	0",0
"302866..305427	0",0
"305453..305809	0",0
"305825..306349	0",0
"306374..307858	0",0
"307877..309547	0",0
"309699..310073	0",0
"310294..310749	0",0
"310774..311517	0",0
"311514..312659	0",0
"312759..314168	0",0
"314309..314854	0",0
"314864..315766	0",0
"315783..316415	0",0
"316511..317503	0",0
"317525..321154	0",0
"321331..322722	0",0
"322764..323273	0",0
"323338..324531	0",0
"324567..326249	0",0
"326266..328461	0",0
"328575..329708	0",0
"329705..330325	0",0
"330422..331003	0",0
"330933..331658	0",0
"331748..332668	0",0
"332708..333136	0",0
"333437..336310	0",0
"336560..339073	0",0
"339364..340974	0",0
"340998..341906	0",0
"342130..344025	1",1
"344022..345638	1",1
"345635..349627	1",1
"349624..349932	1",1
"349935..351476	1",1
"351525..351818	0",0
"351848..352138	0",0
"352149..353036	1",1
"353083..354501	1",1
"354498..355883	1",1
"355880..356875	1",1
"356862..358064	0",0
"358171..358956	0",0
"358945..359748	0",0
"359758..361155	0",0
"361334..363109	0",0
"363252..363479	0",0
"363476..363778	0",0
"363826..364047	0",0
"364044..364469	0",0
"364605..365237	0",0
"365234..366142	0",0
"366150..372764	0",0
"372820..375711	0",0
"375914..376585	0",0
"376573..377055	0",0
"377113..377829	0",0
"377931..378587	0",0
"378657..379148	0",0
"379172..380401	1",1
"380556..382418	1",1
"382490..382876	0",0
"382879..383541	0",0
"383602..384486	0",0
"384535..385149	0",0
"385173..385943	0",0
"386305..387099	0",0
"387148..387816	0",0
"387888..388550	0",0
"388582..389154	0",0
"389260..390591	0",0
"390580..391251	0",0
"391352..392032	0",0
"392039..392263	0",0
"392273..392728	0",0
"392696..394045	0",0
"394111..394713	0",0
"394694..395320	0",0
"395347..396087	0",0
"396201..397367	0",0
"397442..398227	0",0
"398254..398628	0",0
"398658..399524	1",1
"399535..400050	1",1
"400192..401703	0",0
"401873..403162	1",1
"403193..405841	1",1
"405950..408448	0",0
"408634..409173	0",0
"409362..410801	0",0
"410838..412760	0",0
"412757..414238	0",0
"414381..414941	0",0
"415050..415460	0",0
"415502..416965	0",0
"417304..418290	1",1
"418293..418946	0",0
"418949..419608	0",0
"419835..421712	1",1
"421709..422416	1",1
"422452..423639	1",1
"423639..424019	0",0
"424269..424694	0",0
"424777..434679	0",0
"434830..435474	0",0
"435471..436769	1",1
"436860..437507	0",0
"437518..438297	0",0
"438302..438739	0",0
"438822..439649	0",0
"439871..441253	0",0
"441265..442299	0",0
"442395..443078	0",0
"443067..444197	0",0
"444222..444815	0",0
"444844..445233	0",0
"445314..446525	0",0
"446531..447046	0",0
"447147..448043	0",0
"448040..448633	0",0
"448630..449385	1",1
"449404..451803	0",0
"451800..452279	0",0
"452294..453154	0",0
"453230..454372	0",0
"454421..455386	0",0
"455637..455858	0",0
"455977..456192	0",0
"456268..456819	0",0
"456915..457823	0",0
"457841..458380	0",0
"458461..459315	1",1
"459456..462002	1",1
"462135..463307	0",0
"463411..466668	0",0
"468335..469594	0",0
"469591..470013	0",0
"470010..471230	0",0
"471227..472639	0",0
"472781..474106	0",0
"474122..474841	0",0
"474940..475344	0",0
"475350..475742	0",0
"475816..476184	0",0
"476394..476642	0",0
"476679..477320	0",0
"477327..478556	1",1
"478566..479753	1",1
"479789..480160	0",0
"480355..483231	0",0
"483228..483656	0",0
"483977..485734	1",1
"485731..489939	0",0
"489887..490705	0",0
"490783..491793	0",0
"491786..493858	0",0
"493851..495008	0",0
"495062..497314	1",1
"497314..498300	1",1
"498300..499619	1",1
"499713..500366	0",0
"500350..501018	0",0
"501148..502170	1",1
"502167..502373	1",1
"502366..503124	1",1
"503496..504998	0",0
"505086..506582	0",0
"506561..506971	0",0
"507132..507761	0",0
"507758..508555	1",1
"508582..510225	1",1
"510377..510652	0",0
"510702..515321	1",1
"515373..515816	0",0
"516017..516892	0",0
"516895..517803	0",0
"517803..518396	1",1
"518733..519041	1",1
"519073..519567	0",0
"519600..520322	0",0
"520324..521454	0",0
"521514..522167	0",0
"522347..524533	0",0
"524530..525390	0",0
"525387..526082	0",0
"526143..527360	0",0
"527379..528314	0",0
"528608..530230	1",1
"530296..530724	0",0
"530751..532214	0",0
"532396..532911	0",0
"533091..533789	0",0
"533833..534396	0",0
"534445..535215	0",0
"535224..536507	0",0
"536504..537169	0",0
"537229..538548	0",0
"538588..541491	1",1
"541488..541910	0",0
"542142..542852	0",0
"543174..544730	0",0
"545375..545821	0",0
"545889..546803	0",0
"547076..547357	0",0
"547344..547517	0",0
"547586..549607	0",0
"549675..551198	0",0
"551198..551689	0",0
"551749..551988	0",0
"552026..552550	0",0
"552614..554008	1",1
"554016..554309	0",0
"554313..554885	0",0
"554882..556306	0",0
"556458..557252	0",0
"557527..558813	0",0
"558895..559755	0",0
"559888..560748	0",0
"560848..561711	0",0
"561854..562294	0",0
"562225..562713	0",0
"562723..563427	0",0
"563564..564934	0",0
"565021..565443	0",0
"565797..566396	0",0
"566508..566771	0",0
"566776..567222	0",0
"567222..567896	0",0
"567921..568967	1",1
"568964..569806	0",0
"569988..570512	0",0
"570539..571648	0",0
"571710..573065	0",0
"573046..573801	0",0
"573984..575300	0",0
"575348..576790	0",0
"576787..577338	0",0
"577664..578269	0",0
"578426..579175	0",0
"579349..580581	0",0
"580809..581492	0",0
"581489..583378	0",0
"583375..583704	0",0
"583701..584690	0",0
"584695..585423	0",0
"585424..586314	0",0
"586394..587380	0",0
"587377..588309	0",0
"588325..589167	0",0
"589183..590058	0",0
"590083..590970	1",1
"591111..591347	0",0
"591654..592784	0",0
"592791..593867	0",0
"593871..594779	0",0
"594802..595302	0",0
"595464..596585	0",0
"596759..597202	0",0
"597199..600105	0",0
"600098..600391	0",0
"600441..601847	1",1
"601857..602786	1",1
"602819..604516	1",1
"604602..605591	0",0
"605604..606152	0",0
"606149..606448	0",0
"606551..608062	0",0
"608059..608535	0",0
"608746..610056	0",0
"610188..610883	0",0
"611172..612074	0",0
"613038..614342	0",0
"614326..614721	0",0
"614835..616223	1",1
"616223..616831	1",1
"616846..617496	1",1
"617493..618272	1",1
"618305..619894	1",1
"619891..620865	1",1
"620907..622124	0",0
"622121..622282	0",0
"622329..622646	0",0
"622793..624577	0",0
"624473..625480	0",0
"625562..626440	0",0
"626457..627251	0",0
"627248..628288	0",0
"628298..629731	0",0
"630040..631686	0",0
"631743..632375	0",0
"632372..633034	1",1
"633055..634404	1",1
"634416..635504	1",1
"635573..635875	0",0
"635935..636213	0",0
"636210..637463	0",0
"637583..637969	0",0
"638032..638916	0",0
"639012..639956	0",0
"640228..640641	0",0
"640638..640904	0",0
"641096..642811	0",0
"642889..644493	0",0
"644490..645470	1",1
"645467..646255	0",0
"646298..647962	1",1
"647959..648474	1",1
"648536..649672	1",1
"649689..650393	1",1
"650407..650745	0",0
"650779..651504	0",0
"651529..652755	0",0
"652771..653778	1",1
"653879..654739	0",0
"654924..655949	0",0
"656010..657470	0",0
"657548..658039	0",0
"658321..659340	0",0
"659450..660868	0",0
"661003..661269	0",0
"661295..663373	0",0
"663487..664818	0",0
"665042..665383	0",0
"665851..667242	0",0
"667252..668394	0",0
"668579..669745	0",0
"669848..671152	0",0
"671166..671951	0",0
"671996..675916	0",0
"676238..676996	0",0
"677125..677616	0",0
"677710..677925	0",0
"677922..678329	0",0
"678389..679075	0",0
"679229..681862	0",0
"681885..684272	0",0
"684410..685132	0",0
"685129..685926	0",0
"685928..686815	1",1
"686821..688035	0",0
"689059..690504	0",0
"690501..692027	0",0
"692024..693232	0",0
"693237..694787	0",0
"694839..695231	0",0
"695228..695485	0",0
"695668..696903	0",0
"697154..697567	0",0
"697564..697800	0",0
"697904..698410	0",0
"698524..698994	0",0
"699038..699799	0",0
"699856..700167	0",0
"700239..701189	0",0
"701406..702014	0",0
"702813..703199	1",1
"703244..703489	0",0
"703486..703887	0",0
"703830..704057	0",0
"704752..705909	0",0
"706324..706929	0",0
"706948..709515	0",0
"710345..710587	0",0
"710782..711009	0",0
"711006..711407	0",0
"712716..713807	0",0
"714202..715266	0",0
"715370..716317	0",0
"716410..716664	0",0
"716664..717059	0",0
"717153..717893	0",0
"718025..718285	0",0
"718282..718689	1",1
"718761..719912	1",1
"720005..721732	0",0
"721729..725013	0",0
"725013..728306	0",0
"728583..729278	0",0
"729327..730166	0",0
"730320..731033	0",0
"731113..731364	0",0
"731712..731879	0",0
"731930..732406	1",1
"732393..732821	1",1
"732825..733325	0",0
"733737..734222	1",1
"734254..734970	0",0
"735022..735450	1",1
"735517..736224	0",0
"736298..737203	0",0
"737268..738149	0",0
"738297..739160	0",0
"739327..740187	0",0
"740234..741139	0",0
"741151..742617	0",0
"742719..746366	0",0
"746363..747037	0",0
"747037..747945	0",0
"748276..748812	1",1
"748849..749241	1",1
"749234..749929	0",0
"750000..751505	0",0
"751517..752596	0",0
"752984..753367	0",0
"753462..753617	0",0
"753693..754409	0",0
"754685..754993	0",0
"754980..755225	0",0
"755335..755772	0",0
"755769..756023	0",0
"756137..758500	0",0
"758532..758804	0",0
"758801..759139	0",0
"759136..759309	1",1
"759807..763325	1",1
"763370..767320	1",1
"767684..769597	0",0
"769792..770550	0",0
"770582..771424	0",0
"771484..773112	0",0
"773123..774061	0",0
"774064..774786	1",1
"774783..775574	1",1
"775586..778480	0",0
"778477..778905	0",0
"778990..779487	0",0
"779543..780040	0",0
"780042..780416	0",0
"780721..781311	0",0
"781560..781934	1",1
"781934..782404	1",1
"782485..784590	1",1
"784821..786011	1",1
"786149..786946	0",0
"787099..787926	0",0
"787940..789160	0",0
"789157..789411	0",0
"790024..791073	0",0
"791070..791666	0",0
"791658..791846	0",0
"791831..792160	0",0
"792157..793332	0",0
"793335..794525	0",0
"794715..795470	0",0
"795519..796931	0",0
"796933..798372	1",1
"798833..799444	0",0
"799629..799850	0",0
"800487..800792	1",1
"800809..801462	1",1
"801462..802133	1",1
"802133..802435	1",1
"802528..803370	1",1
"803411..803692	1",1
"803689..804282	1",1
"804282..805106	1",1
"805110..805526	1",1
"805526..805759	1",1
"805756..806166	1",1
"806335..808698	0",0
"808746..809645	0",0
"809946..810887	0",0
"811373..811741	1",1
"811742..812059	1",1
"812059..812622	1",1
"812627..812812	0",0
"812976..813374	1",1
"813398..813937	1",1
"813940..814308	1",1
"814328..814990	1",1
"814993..815190	1",1
"815190..815630	0",0
"815663..817534	0",0
"817539..818444	0",0
"818537..819640	0",0
"819843..820499	0",0
"820496..821476	0",0
"821507..822853	0",0
"822866..823594	0",0
"823683..824639	0",0
"824800..826125	1",1
"826122..826667	0",0
"826670..827470	0",0
"827543..828076	0",0
"828140..828892	1",1
"829207..829704	0",0
"830062..830610	0",0
"830855..831661	0",0
"831776..832303	0",0
"832981..833508	0",0
"833886..834443	0",0
"834440..834946	1",1
"835154..835681	0",0
"835701..838052	0",0
"838451..840856	0",0
"840947..841204	0",0
"841228..841656	0",0
"841737..841874	0",0
"842033..842278	0",0
"842347..843231	0",0
"843242..844414	0",0
"844421..845953	0",0
"846159..847913	0",0
"848103..850040	1",1
"850741..851466	0",0
"851608..852351	0",0
"852396..853853	0",0
"853825..854157	0",0
"854267..854686	0",0
"854699..855826	0",0
"855925..856470	0",0
"856473..856679	0",0
"856682..858037	0",0
"858037..858864	0",0
"858864..860072	0",0
"860069..860710	0",0
"860912..862381	0",0
"862412..863158	0",0
"863256..864143	0",0
"864140..864574	0",0
"864586..865854	1",1
"865851..867389	0",0
"867440..868351	0",0
"868407..869030	0",0
"868984..869763	0",0
"870008..871426	0",0
"871431..872675	0",0
"872672..873292	0",0
"873343..874236	1",1
"876818..878440	0",0
"878638..879324	0",0
"879340..881040	0",0
"881459..882418	0",0
"882524..882763	0",0
"882760..883434	1",1
"883451..884050	0",0
"884072..884800	0",0
"884797..885840	0",0
"885837..886646	0",0
"886719..887024	0",0
"887137..888636	0",0
"890388..891482	0",0
"891472..892269	1",1
"892266..893273	0",0
"893318..894619	0",0
"894631..894978	0",0
"894972..895628	0",0
"895820..898084	1",1
"898081..898710	0",0
"898831..899787	0",0
"899732..901330	0",0
"901635..902024	0",0
"902111..903694	1",1
"903725..904819	0",0
"904905..905087	0",0
"905234..906340	1",1
"906423..907292	0",0
"907338..908018	0",0
"908181..908483	0",0
"908485..909318	0",0
"909611..910033	0",0
"910030..910842	1",1
"910972..911739	0",0
"911736..912683	0",0
"912726..913502	0",0
"913558..914199	0",0
"914257..916311	0",0
"916477..917646	0",0
"917734..918750	1",1
"918912..919553	0",0
"919634..920689	0",0
"920741..921133	0",0
"921191..921613	0",0
"921970..922875	0",0
"922894..923709	0",0
"924951..925364	0",0
"925361..927610	0",0
"927837..930485	0",0
"930953..931597	0",0
"932279..932932	0",0
"933003..934031	0",0
"934720..935490	0",0
"935577..936389	0",0
"936457..937317	0",0
"937593..937835	0",0
"938112..939404	0",0
"939388..940392	0",0
"940456..941106	0",0
"941190..942467	0",0
"942680..944194	0",0
"944343..944735	0",0
"944938..946056	0",0
"946056..947315	0",0
"947641..948468	0",0
"949436..951118	0",0
"951183..951626	0",0
"951632..952711	0",0
"952825..953229	0",0
"953257..953730	0",0
"953727..954920	0",0
"955077..956288	0",0
"956293..958455	0",0
"958523..960151	0",0
"960342..962612	0",0
"962890..963393	0",0
"963390..963872	0",0
"963869..964294	0",0
"964312..965535	0",0
"965983..966261	0",0
"966265..967347	0",0
"967344..967733	0",0
"967898..968305	0",0
"968424..970244	0",0
"970505..972457	0",0
"972546..973706	0",0
"973806..974294	1",1
"974291..975937	0",0
"976075..976863	0",0
"976872..978203	0",0
"978481..978756	0",0
"978934..979365	0",0
"979362..980228	0",0
"980225..980509	0",0
"980506..981267	1",1
"981424..982554	1",1
"982762..983784	0",0
"983803..985530	0",0
"985513..985971	0",0
"987233..988705	0",0
"988740..989861	0",0
"989948..992596	0",0
"992598..993455	0",0
"993853..995340	0",0
"995318..996295	0",0
"996524..997705	1",1
"997782..999299	0",0
"999472..1000767	0",0
"1000808..1002415	0",0
"1002441..1002704	0",0
"1002812..1003792	0",0
"1003805..1003957	1",1
"1003957..1004484	0",0
"1004501..1005841	0",0
"1005852..1006562	0",0
"1006693..1008180	0",0
"1008207..1008938	0",0
"1008944..1010062	0",0
"1010136..1011734	0",0
"1011731..1014124	0",0
"1014681..1014860	0",0
"1014866..1015300	0",0
"1015398..1016171	0",0
"1016236..1016685	0",0
"1017217..1018725	0",0
"1018727..1019965	0",0
"1020058..1021329	0",0
"1021344..1021643	0",0
"1022087..1023868	0",0
"1024211..1024687	0",0
"1024684..1025184	0",0
"1025497..1026816	0",0
"1027104..1027685	0",0
"1027685..1029337	0",0
"1029513..1030577	0",0
"1030578..1031864	0",0
"1031896..1032633	0",0
"1032710..1033786	0",0
"1033840..1034631	0",0
"1034903..1036015	0",0
"1036028..1037002	0",0
"1036999..1037925	0",0
"1037920..1039914	0",0
"1039936..1041048	0",0
"1041264..1042094	0",0
"1042115..1043239	0",0
"1043299..1044315	0",0
"1044317..1045222	0",0
"1045199..1046020	0",0
"1046136..1048415	0",0
"1048412..1050346	0",0
"1050593..1051459	0",0
"1051544..1052317	0",0
"1052360..1052638	0",0
"1052696..1053736	0",0
"1053765..1054241	0",0
"1054247..1055008	0",0
"1055024..1056685	1",1
"1057646..1057963	0",0
"1058260..1060575	1",1
"1060656..1061654	0",0
"1061964..1063127	1",1
"1063140..1064051	1",1
"1064114..1064962	0",0
"1065127..1066038	0",0
"1066078..1067445	1",1
"1067561..1068208	0",0
"1068205..1069776	1",1
"1069883..1071262	0",0
"1071255..1073273	0",0
"1073327..1073548	0",0
"1073545..1073928	0",0
"1074074..1074421	0",0
"1074440..1075114	0",0
"1075297..1076097	0",0
"1076196..1076678	0",0
"1076778..1077197	0",0
"1077233..1077835	0",0
"1077975..1078334	0",0
"1078391..1078687	0",0
"1078743..1081055	0",0
"1081052..1081684	0",0
"1081775..1082584	0",0
"1082584..1083750	0",0
"1083747..1085750	1",1
"1085756..1087345	0",0
"1087348..1088496	0",0
"1088493..1090175	0",0
"1090373..1093144	0",0
"1093361..1094356	0",0
"1094670..1094864	0",0
"1094886..1095059	0",0
"1095078..1096451	0",0
"1096822..1097508	0",0
"1097508..1099022	1",1
"1099066..1100460	0",0
"1100460..1101005	0",0
"1101025..1101480	0",0
"1101803..1102549	0",0
"1102542..1105109	0",0
"1105116..1106276	0",0
"1106405..1107382	0",0
"1107443..1108099	0",0
"1108172..1108504	0",0
"1108578..1109171	0",0
"1109272..1110192	1",1
"1110269..1111549	0",0
"1111612..1112223	0",0
"1112384..1113460	0",0
"1114293..1114724	0",0
"1114748..1115749	0",0
"1115767..1116525	0",0
"1116531..1117148	0",0
"1117185..1118393	0",0
"1118428..1119939	1",1
"1120022..1120879	0",0
"1120889..1122148	0",0
"1122222..1123598	1",1
"1123714..1125417	0",0
"1125444..1127003	1",1
"1127089..1127883	0",0
"1128091..1129179	0",0
"1129152..1130105	0",0
"1130191..1131111	1",1
"1131128..1131421	0",0
"1131625..1133259	0",0
"1133333..1133908	1",1
"1133921..1134568	0",0
"1134785..1135465	0",0
"1135501..1136481	1",1
"1136573..1138060	1",1
"1138315..1138908	0",0
"1138967..1142671	0",0
"1142671..1143648	0",0
"1143736..1144467	0",0
"1144564..1145853	1",1
"1145858..1146544	1",1
"1146561..1147028	1",1
"1147019..1147978	1",1
"1148427..1149107	1",1
"1149104..1151686	0",0
"1151920..1152012	0",0
"1152012..1153727	0",0
"1153724..1155853	0",0
"1155853..1156422	0",0
"1156426..1157955	0",0
"1157963..1158736	0",0
"1160544..1160828	0",0
"1160855..1161151	0",0
"1161297..1162472	0",0
"1162549..1163376	0",0
"1164572..1165435	0",0
"1165092..1165499	0",0
"1165781..1166806	0",0
"1167053..1167676	0",0
"1167673..1168554	0",0
"1169423..1170670	0",0
"1171038..1172153	0",0
"1172386..1172832	0",0
"1172881..1173786	0",0
"1173945..1174700	0",0
"1175723..1176112	0",0
"1177628..1178392	0",0
"1179396..1180577	0",0
"1180684..1182315	0",0
"1182391..1183455	0",0
"1183508..1183981	0",0
"1184015..1184878	0",0
"1184883..1185740	0",0
"1185741..1186823	0",0
"1186904..1187323	0",0
"1187435..1188001	0",0
"1187998..1188393	0",0
"1188421..1190424	0",0
"1190757..1192148	0",0
"1192510..1194273	0",0
"1194270..1195043	0",0
"1195055..1196092	0",0
"1196279..1197115	0",0
"1197231..1198082	0",0
"1198156..1199373	0",0
"1199426..1200370	0",0
"1200767..1201660	0",0
"1201717..1203111	0",0
"1203313..1204035	0",0
"1204067..1205233	0",0
"1205304..1205798	0",0
"1205984..1206418	0",0
"1206520..1207386	0",0
"1207383..1207649	0",0
"1207636..1209657	0",0
"1209756..1210484	0",0
"1210595..1211383	0",0
"1211560..1213863	0",0
"1214513..1214947	0",0
"1216469..1219030	0",0
"1219248..1220186	1",1
"1220574..1221854	0",0
"1221959..1222786	1",1
"1222997..1224298	0",0
"1224385..1225260	0",0
"1225263..1226144	0",0
"1226141..1227565	1",1
"1227596..1228684	0",0
"1228683..1229384	0",0
"1229391..1230548	0",0
"1230660..1230971	0",0
"1230971..1231291	0",0
"1232844..1233956	0",0
"1233966..1234223	0",0
"1234213..1235460	0",0
"1235457..1236095	0",0
"1236185..1237192	0",0
"1237209..1238192	0",0
"1238255..1239328	0",0
"1239416..1239613	0",0
"1239610..1239984	0",0
"1240187..1240885	0",0
"1241003..1241188	0",0
"1241633..1241956	0",0
"1241971..1242831	0",0
"1242864..1243013	0",0
"1243010..1243504	0",0
"1243707..1245107	0",0
"1245129..1246151	1",1
"1246144..1247052	0",0
"1247127..1248077	0",0
"1248082..1249326	0",0
"1249330..1249935	1",1
"1249932..1251404	0",0
"1251617..1252972	1",1
"1253074..1254534	0",0
"1254555..1256135	0",0
"1256132..1257313	0",0
"1257325..1259055	0",0
"1259067..1261346	1",1
"1261922..1262158	0",0
"1262272..1264128	0",0
"1265472..1266488	0",0
"1266485..1266985	0",0
"1267347..1268195	0",0
"1268203..1269009	0",0
"1269152..1269958	0",0
"1270062..1271144	0",0
"1271156..1271908	0",0
"1272423..1273334	0",0
"1273355..1274767	0",0
"1274900..1275550	0",0
"1276300..1277748	0",0
"1277893..1278300	0",0
"1278904..1279617	0",0
"1279655..1280020	0",0
"1279998..1280846	0",0
"1280843..1281484	0",0
"1281429..1281872	0",0
"1282306..1282893	0",0
"1283056..1284171	0",0
"1284179..1284862	0",0
"1284992..1286287	0",0
"1286284..1286568	0",0
"1286595..1287020	0",0
"1287328..1291026	0",0
"1291065..1292741	0",0
"1292798..1293403	0",0
"1293406..1294146	0",0
"1294168..1296054	0",0
"1296152..1298059	1",1
"1298087..1298692	0",0
"1298764..1299804	0",0
"1299822..1300124	1",1
"1300304..1301215	0",0
"1301307..1301747	0",0
"1301755..1302681	0",0
"1302931..1305501	0",0
"1305669..1306001	0",0
"1306202..1308226	0",0
"1308223..1308792	0",0
"1309005..1309331	1",1
"1309364..1310452	0",0
"1310480..1313299	0",0
"1313725..1315191	0",0
"1315234..1319982	0",0
"1320035..1321453	1",1
"1321520..1324528	0",0
"1324532..1325611	0",0
"1325776..1327512	0",0
"1327689..1329305	1",1
"1329390..1331021	1",1
"1331021..1332010	1",1
"1332092..1332964	0",0
"1332980..1333858	0",0
"1333931..1334845	0",0
"1334927..1335754	0",0
"1335794..1337215	1",1
"1337248..1338513	1",1
"1339003..1339302	0",0
"1339349..1340524	0",0
"1340659..1340955	0",0
"1341006..1341290	0",0
"1341358..1342605	0",0
"1342942..1344219	0",0
"1344216..1345169	1",1
"1345260..1346324	1",1
"1346321..1346905	0",0
"1346936..1348624	0",0
"1348719..1349282	0",0
"1349332..1351125	0",0
"1351191..1352147	0",0
"1352144..1353118	1",1
"1353157..1353525	0",0
"1353522..1354136	0",0
"1354243..1354470	0",0
"1354498..1355661	0",0
"1355836..1357050	0",0
"1357293..1357625	0",0
"1357759..1359444	1",1
"1359472..1360146	0",0
"1360155..1361801	0",0
"1361798..1362733	0",0
"1362723..1363361	0",0
"1363503..1364150	0",0
"1364413..1365186	0",0
"1365344..1365808	0",0
"1365875..1367461	1",1
"1367463..1367858	0",0
"1367891..1368721	0",0
"1368832..1370295	0",0
"1370292..1370825	0",0
"1370920..1371477	0",0
"1371777..1372949	1",1
"1372962..1374197	0",0
"1374322..1374864	0",0
"1374861..1376168	1",1
"1376230..1376826	0",0
"1376976..1377503	0",0
"1377524..1378930	0",0
"1378927..1379850	0",0
"1379855..1380679	0",0
"1380684..1381865	0",0
"1381942..1383042	0",0
"1383213..1384202	0",0
"1384278..1384538	0",0
"1384535..1384966	0",0
"1384989..1386677	0",0
"1386857..1387717	0",0
"1387798..1388628	0",0
"1388685..1388978	0",0
"1388975..1389244	0",0
"1389357..1393052	1",1
"1393194..1393982	0",0
"1394179..1395918	0",0
"1395821..1399240	0",0
"1399296..1399904	0",0
"1399970..1401661	0",0
"1401658..1402809	1",1
"1402778..1403386	0",0
"1403386..1404603	0",0
"1404717..1406084	0",0
"1406081..1407340	0",0
"1407339..1408238	0",0
"1408240..1409358	0",0
"1409484..1409933	0",0
"1409938..1410372	0",0
"1410431..1411819	0",0
"1411894..1413087	0",0
"1413260..1413940	0",0
"1413960..1415840	0",0
"1416181..1417347	0",0
"1417658..1418356	0",0
"1418579..1418953	0",0
"1419014..1419748	0",0
"1419961..1420302	0",0
"1420410..1422305	0",0
"1422302..1424050	0",0
"1424197..1424754	1",1
"1424751..1425293	0",0
"1425438..1425914	0",0
"1426164..1427417	0",0
"1427414..1430041	1",1
"1430062..1431648	0",0
"1431665..1433440	0",0
"1433433..1435271	0",0
"1435268..1436143	0",0
"1436140..1437117	0",0
"1437324..1437815	1",1
"1437909..1438907	1",1
"1438907..1440751	1",1
"1440805..1441290	0",0
"1441348..1442718	0",0
"1442767..1443399	0",0
"1443482..1445047	0",0
"1445058..1445372	0",0
"1445499..1445834	0",0
"1446379..1448031	1",1
"1448028..1449371	1",1
"1449375..1450700	1",1
"1450697..1451779	1",1
"1451997..1452947	1",1
"1453204..1455012	1",1
"1455163..1455405	1",1
"1455495..1456568	1",1
"1456565..1457542	1",1
"1457558..1458211	1",1
"1458295..1459509	0",0
"1459766..1460251	1",1
"1460244..1460996	0",0
"1461045..1461290	1",1
"1461321..1461836	1",1
"1461843..1463183	1",1
"1463228..1464877	1",1
"1464884..1465801	1",1
"1465841..1467301	1",1
"1467315..1467680	1",1
"1467688..1468131	0",0
"1468171..1469505	0",0
"1469671..1470252	0",0
"1470321..1471577	1",1
"1477134..1477631	0",0
"1477628..1479118	0",0
"1479199..1480824	0",0
"1480894..1482501	0",0
"1482514..1484217	0",0
"1484279..1484959	0",0
"1484982..1485278	0",0
"1485313..1485771	0",0
"1485862..1487031	0",0
"1487161..1488075	0",0
"1488154..1489965	0",0
"1490117..1492312	1",1
"1492320..1494425	1",1
"1494564..1497155	0",0
"1497195..1499189	0",0
"1499213..1500559	0",0
"1500661..1500966	0",0
"1500926..1501582	0",0
"1501599..1502633	0",0
"1502641..1503081	0",0
"1503103..1503384	0",0
"1503394..1504365	0",0
"1504356..1505078	0",0
"1505075..1505890	0",0
"1505917..1506738	1",1
"1506755..1507534	0",0
"1507573..1508187	0",0
"1508184..1508546	1",1
"1508543..1508923	0",0
"1508968..1509288	0",0
"1509281..1510846	0",0
"1510846..1512006	0",0
"1511973..1512605	1",1
"1513047..1515626	1",1
"1515623..1517362	1",1
"1517491..1518234	1",1
"1518231..1518560	0",0
"1518763..1519134	0",0
"1519200..1519985	0",0
"1520005..1521876	0",0
"1521885..1524032	0",0
"1524029..1524820	0",0
"1525293..1526216	0",0
"1526612..1530091	0",0
"1530173..1530925	0",0
"1531348..1532370	0",0
"1532443..1533633	0",0
"1533948..1534610	0",0
"1534607..1535392	0",0
"1535683..1537644	0",0
"1537783..1538169	0",0
"1538390..1539211	0",0
"1539180..1539440	0",0
"1539512..1540645	0",0
"1541020..1541805	0",0
"1543359..1544828	0",0
"1544825..1546006	0",0
"1546012..1546992	0",0
"1547072..1547530	0",0
"1547832..1549151	0",0
"1549148..1550641	0",0
"1550579..1551217	0",0
"1551228..1552655	0",0
"1552654..1553235	0",0
"1553232..1554191	1",1
"1554188..1555480	1",1
"1555477..1555974	1",1
"1555971..1557101	1",1
"1557101..1560448	0",0
"1560445..1561269	0",0
"1561464..1561772	0",0
"1561769..1563388	0",0
"1563694..1564266	1",1
"1564401..1565027	1",1
"1565093..1565425	1",1
"1565441..1566697	1",1
"1566825..1568036	1",1
"1568109..1569587	0",0
"1569584..1570969	0",0
"1571047..1572081	0",0
"1572127..1573857	0",0
"1574112..1574513	0",0
"1574510..1574767	0",0
"1574850..1575809	0",0
"1575834..1576796	0",0
"1576930..1577532	0",0
"1577613..1579580	0",0
"1579598..1580422	0",0
"1580591..1581073	0",0
"1581145..1581969	0",0
"1582166..1583104	1",1
"1583101..1584474	0",0
"1584499..1585197	0",0
"1585194..1586213	1",1
"1586210..1587766	0",0
"1587772..1588482	0",0
"1588567..1589172	0",0
"1589386..1589901	0",0
"1589891..1590292	0",0
"1590397..1591674	1",1
"1591671..1592153	0",0
"1592150..1592614	0",0
"1592639..1593325	0",0
"1593505..1593978	0",0
"1594042..1595982	1",1
"1595979..1596884	0",0
"1596881..1597909	0",0
"1597906..1598883	0",0
"1598893..1599654	0",0
"1599658..1601037	0",0
"1601059..1602321	0",0
"1602321..1603928	0",0
"1603932..1604759	0",0
"1604878..1606146	0",0
"1606386..1607972	0",0
"1608083..1609852	0",0
"1609849..1611270	0",0
"1611434..1612249	0",0
"1612256..1612393	0",0
"1612342..1612950	0",0
"1613307..1614326	1",1
"1614329..1615567	1",1
"1615564..1616349	1",1
"1616961..1617386	0",0
"1617837..1618070	0",0
"1618209..1619684	0",0
"1619791..1622091	0",0
"1622207..1622692	0",0
"1623287..1623697	0",0
"1623714..1624457	0",0
"1624454..1625365	1",1
"1625418..1626962	0",0
"1626959..1628080	1",1
"1628097..1630199	1",1
"1630638..1634627	0",0
"1635029..1635955	0",0
"1636004..1638229	0",0
"1638381..1639646	0",0
"1639674..1640660	0",0
"1640680..1641543	0",0
"1641493..1642425	1",1
"1642537..1643322	1",1
"1643319..1644260	0",0
"1644363..1646138	1",1
"1646186..1646992	0",0
"1646989..1649529	1",1
"1649526..1650719	1",1
"1650716..1651516	1",1
"1651518..1652771	1",1
"1652768..1653256	1",1
"1653231..1653578	1",1
"1653673..1655502	0",0
"1655609..1656721	0",0
"1656963..1658936	0",0
"1658980..1659354	0",0
"1659370..1659741	0",0
"1659763..1660620	0",0
"1660656..1662284	0",0
"1662381..1662572	0",0
"1662641..1663204	0",0
"1663215..1666046	1",1
"1666204..1666764	1",1
"1666990..1668408	1",1
"1668419..1669144	0",0
"1669283..1670416	1",1
"1670413..1671366	1",1
"1671377..1672384	0",0
"1672457..1673299	0",0
"1673440..1674183	0",0
"1674202..1675011	0",0
"1675017..1676051	1",1
"1676017..1676883	0",0
"1676941..1677375	0",0
"1677397..1678542	0",0
"1678552..1678908	0",0
"1678942..1679172	0",0
"1679322..1680629	1",1
"1681208..1681966	0",0
"1682157..1684004	0",0
"1684005..1686257	0",0
"1686271..1686573	0",0
"1686570..1686887	0",0
"1686884..1687888	0",0
"1687941..1689230	0",0
"1689303..1689920	0",0
"1690134..1690346	0",0
"1690407..1690805	0",0
"1690850..1691878	0",0
"1691890..1692711	0",0
"1692924..1693823	0",0
"1695281..1695946	0",0
"1695943..1696443	0",0
"1696727..1697422	0",0
"1697356..1697859	0",0
"1698095..1699894	0",0
"1699866..1700228	0",0
"1700212..1701093	0",0
"1701295..1702593	0",0
"1703074..1704096	0",0
"1704093..1705061	0",0
"1705058..1705789	0",0
"1705807..1706595	0",0
"1706630..1707526	0",0
"1707529..1708539	0",0
"1708871..1709635	0",0
"1709644..1710603	0",0
"1710733..1711002	0",0
"1711028..1712068	0",0
"1712302..1714053	0",0
"1714172..1717612	0",0
"1717653..1718696	0",0
"1718726..1719970	0",0
"1720017..1720802	0",0
"1720780..1722060	0",0
"1722083..1728409	0",0
"1728953..1729450	0",0
"1729502..1731256	0",0
"1731373..1732476	0",0
"1732473..1733039	0",0
"1733116..1733550	0",0
"1733610..1734737	0",0
"1734734..1735411	0",0
"1735976..1736212	0",0
"1736519..1739644	0",0
"1739856..1741247	0",0
"1741212..1742192	0",0
"1742244..1742852	1",1
"1742845..1743771	0",0
"1743778..1744371	0",0
"1744426..1744836	0",0
"1745064..1746089	0",0
"1746094..1746897	0",0
"1746919..1747146	0",0
"1747195..1747626	0",0
"1747694..1751248	1",1
"1751297..1753333	0",0
"1753716..1755431	0",0
"1755445..1757310	0",0
"1757681..1759432	0",0
"1759435..1760178	0",0
"1760175..1760555	0",0
"1760552..1760929	0",0
"1760997..1761605	0",0
"1761744..1762937	0",0
"1762947..1763393	0",0
"1763428..1764717	0",0
"1764755..1764973	0",0
"1764979..1765383	0",0
"1765400..1767142	0",0
"1767135..1769432	0",0
"1769436..1771601	0",0
"1771640..1773829	0",0
"1773928..1774620	0",0
"1774860..1775144	0",0
"1775392..1776705	0",0
"1776702..1777862	0",0
"1777859..1778539	0",0
"1778539..1779048	0",0
"1779314..1779724	0",0
"1779930..1780241	0",0
"1780199..1780699	0",0
"1780643..1782064	0",0
"1782072..1782584	0",0
"1782758..1783228	0",0
"1783309..1783623	0",0
"1783620..1783892	0",0
"1783906..1784301	0",0
"1784497..1785912	0",0
"1785912..1786310	0",0
"1786307..1786528	0",0
"1786584..1787099	0",0
"1787096..1788505	0",0
"1788162..1789163	0",0
"1789168..1789836	0",0
"1790284..1791333	0",0
"1791334..1791573	0",0
"1791570..1792235	0",0
"1792400..1793740	0",0
"1793997..1794707	0",0
"1794756..1795805	1",1
"1795805..1797388	1",1
"1797388..1798245	0",0
"1798294..1799052	0",0
"1799073..1799483	0",0
"1799583..1800899	1",1
"1800896..1802038	1",1
"1802035..1802667	1",1
"1802664..1803284	1",1
"1803294..1804031	1",1
"1804039..1804851	0",0
"1804853..1805656	1",1
"1805653..1806000	1",1
"1806181..1807263	0",0
"1807298..1807762	0",0
"1807903..1809453	1",1
"1809443..1810150	1",1
"1810240..1811058	1",1
"1811127..1812359	1",1
"1812359..1813171	1",1
"1813171..1814577	1",1
"1815253..1815693	0",0
"1815683..1816081	0",0
"1816189..1817607	1",1
"1817615..1818517	0",0
"1818575..1820029	0",0
"1819963..1821693	0",0
"1821690..1823273	0",0
"1823360..1824400	1",1
"1824430..1825887	0",0
"1825998..1826585	0",0
"1826614..1827945	0",0
"1828180..1828797	1",1
"1828865..1830073	0",0
"1830070..1830561	0",0
"1830665..1833379	1",1
"1833542..1834987	1",1
"1835013..1836236	1",1
"1836387..1836830	0",0
"1837075..1839171	0",0
"1839168..1840583	0",0
"1840572..1842242	0",0
"1842451..1842891	0",0
"1842898..1843692	0",0
"1843741..1846659	0",0
"1846716..1846973	0",0
"1846989..1848458	0",0
"1848517..1852035	0",0
"1852273..1852878	1",1
"1852928..1853122	0",0
"1853184..1853573	0",0
"1853606..1854388	0",0
"1854399..1855454	0",0
"1855764..1856696	0",0
"1856774..1857724	0",0
"1857731..1858537	0",0
"1858733..1859758	0",0
"1859758..1862253	1",1
"1862347..1865382	0",0
"1865576..1866634	1",1
"1866631..1867845	1",1
"1867842..1868726	1",1
"1868723..1869925	1",1
"1869922..1870845	1",1
"1870842..1871354	0",0
"1871363..1872559	1",1
"1872639..1874051	1",1
"1874160..1875221	0",0
"1875304..1881684	1",1
"1881704..1886512	1",1
"1886512..1888020	1",1
"1888026..1891079	0",0
"1891226..1892287	0",0
"1892270..1893562	0",0
"1895725..1896087	0",0
"1896120..1896467	0",0
"1896475..1896867	0",0
"1896876..1898207	0",0
"1898300..1899232	0",0
"1899260..1899916	0",0
"1900241..1900975	0",0
"1901047..1901751	0",0
"1901748..1902296	0",0
"1902397..1903299	0",0
"1903299..1904420	0",0
"1904429..1905253	0",0
"1905250..1906242	0",0
"1906403..1907320	0",0
"1907594..1910593	1",1
"1910586..1910810	0",0
"1910776..1911399	0",0
"1911401..1912081	0",0
"1912153..1912920	0",0
"1912979..1913590	0",0
"1913602..1914876	1",1
"1915527..1915910	0",0
"1915949..1916701	0",0
"1916698..1917759	0",0
"1917756..1917932	0",0
"1917940..1918746	0",0
"1918746..1919669	1",1
"1919683..1921446	0",0
"1921542..1922723	1",1
"1922745..1923689	0",0
"1923829..1925589	1",1
"1925582..1926205	0",0
"1926202..1927137	1",1
"1927211..1928575	0",0
"1929786..1931456	0",0
"1931497..1932654	0",0
"1932694..1933878	0",0
"1934482..1934649	0",0
"1934882..1936342	0",0
"1936360..1937316	1",1
"1937313..1938149	0",0
"1938146..1938841	0",0
"1938838..1939602	1",1
"1939599..1940291	1",1
"1940288..1941679	1",1
"1941853..1942665	1",1
"1942659..1943573	1",1
"1943576..1944406	0",0
"1944406..1944756	0",0
"1944809..1945627	0",0
"1945641..1946420	0",0
"1947030..1947419	0",0
"1947416..1947643	0",0
"1947861..1949345	0",0
"1949342..1950589	0",0
"1950632..1951051	0",0
"1951041..1951751	0",0
"1951852..1953237	0",0
"1953270..1953839	0",0
"1953864..1954634	0",0
"1954631..1955569	0",0
"1955692..1957245	1",1
"1957677..1959233	0",0
"1959243..1959791	0",0
"1959855..1960487	0",0
"1960774..1961016	0",0
"1961291..1961788	0",0
"1962228..1964186	0",0
"1964183..1965370	0",0
"1965657..1965941	1",1
"1965955..1967637	0",0
"1967705..1967917	0",0
"1967917..1968165	0",0
"1968173..1968910	0",0
"1969004..1970704	0",0
"1970989..1971390	0",0
"1971380..1971991	0",0
"1972138..1973568	0",0
"1973630..1976227	0",0
"1976600..1977331	0",0
"1977328..1977885	0",0
"1977969..1979567	0",0
"1979621..1981003	0",0
"1981130..1981579	0",0
"1981614..1984775	1",1
"1984979..1986670	0",0
"1989042..1989566	0",0
"1989833..1992577	0",0
"1993153..1994661	0",0
"1994671..1995054	0",0
"1995054..1995842	0",0
"1997418..1998515	0",0
"1999737..2000006	0",0
"2000074..2000433	0",0
"2000614..2002470	0",0
"2002626..2003870	0",0
"2003878..2005164	0",0
"2005161..2006447	0",0
"2006636..2006947	0",0
"2007020..2007766	0",0
"2007832..2009172	0",0
"2009172..2009990	0",0
"2009995..2010555	0",0
"2010656..2011960	0",0
"2012081..2012530	0",0
"2012686..2014479	0",0
"2014699..2015262	0",0
"2015302..2017476	0",0
"2017740..2019260	0",0
"2019257..2023432	0",0
"2023447..2024628	0",0
"2024828..2025031	0",0
"2025301..2026398	0",0
"2026477..2026776	0",0
"2026790..2027971	0",0
"2028425..2029477	0",0
"2029904..2030203	0",0
"2030694..2030978	0",0
"2031066..2031968	0",0
"2032240..2033751	0",0
"2033729..2035486	0",0
"2035483..2036703	0",0
"2036700..2038532	0",0
"2039159..2039350	0",0
"2039453..2041420	0",0
"2042001..2043272	0",0
"2043384..2044775	0",0
"2044923..2046842	0",0
"2047023..2047349	0",0
"2047687..2048034	0",0
"2048072..2048371	0",0
"2049921..2051150	0",0
"2051282..2052688	0",0
"2052933..2053289	0",0
"2053443..2054147	0",0
"2054157..2055359	0",0
"2055681..2056112	0",0
"2056521..2057423	0",0
"2057528..2058193	0",0
"2058256..2058960	0",0
"2059595..2061058	0",0
"2061178..2062674	0",0
"2062809..2064728	0",0
"2064799..2066442	0",0
"2066457..2068883	0",0
"2069080..2069709	0",0
"2069702..2070625	0",0
"2070654..2071019	0",0
"2071036..2071914	0",0
"2071952..2072356	0",0
"2072596..2073084	0",0
"2073081..2073824	1",1
"2073943..2074437	0",0
"2074841..2075518	0",0
"2075571..2075828	0",0
"2075877..2078702	1",1
"2078929..2079789	0",0
"2079830..2080696	0",0
"2080701..2082587	0",0
"2082603..2084636	0",0
"2084756..2086981	0",0
"2087257..2087652	0",0
"2087649..2087912	0",0
"2087971..2089518	0",0
"2089681..2090718	0",0
"2090718..2092085	0",0
"2092259..2093698	0",0
"2093731..2095188	0",0
"2095218..2096168	0",0
"2096183..2096599	0",0
"2096877..2097299	0",0
"2097348..2097650	0",0
"2097647..2097961	0",0
"2097961..2099694	1",1
"2099694..2100329	0",0
"2100340..2101014	0",0
"2101022..2101648	0",0
"2101651..2103042	0",0
"2103184..2104107	0",0
"2104146..2104823	0",0
"2104985..2105770	0",0
"2105773..2106567	0",0
"2106574..2107683	0",0
"2107736..2108713	0",0
"2109165..2109470	0",0
"2109544..2110584	0",0
"2110591..2111361	0",0
"2111354..2112109	0",0
"2112106..2112966	0",0
"2113140..2115476	0",0
"2115764..2117248	0",0
"2117347..2119446	0",0
"2119460..2120695	0",0
"2120795..2121430	0",0
"2121495..2121884	0",0
"2121907..2123151	0",0
"2123174..2123611	0",0
"2123684..2124370	0",0
"2124381..2124824	0",0
"2125340..2125819	0",0
"2125904..2127967	0",0
"2128022..2129374	0",0
"2129377..2130513	0",0
"2130541..2131857	0",0
"2131907..2132329	0",0
"2132370..2133203	0",0
"2133231..2133692	0",0
"2133731..2134261	0",0
"2134273..2134872	0",0
"2134890..2135867	0",0
"2136258..2137400	0",0
"2139076..2139687	0",0
"2139741..2140148	0",0
"2140165..2140476	0",0
"2140486..2140704	0",0
"2140739..2141869	0",0
"2142521..2143675	0",0
"2143535..2144446	0",0
"2144451..2144882	0",0
"2144940..2145248	0",0
"2145214..2146245	0",0
"2146245..2147633	0",0
"2147662..2148954	0",0
"2149006..2150274	0",0
"2150364..2150768	0",0
"2150954..2151385	0",0
"2151433..2152395	0",0
"2152425..2152895	0",0
"2153235..2153882	0",0
"2153889..2156111	0",0
"2156149..2156592	0",0
"2156706..2157299	0",0
"2157382..2157987	0",0
"2158087..2159091	0",0
"2159191..2159943	0",0
"2159921..2160328	0",0
"2160463..2161566	0",0
"2161566..2162762	0",0
"2162932..2167311	0",0
"2167649..2170612	0",0
"2171061..2171525	0",0
"2171623..2172486	0",0
"2172524..2173795	0",0
"2174067..2175182	0",0
"2175173..2176513	0",0
"2176550..2176930	0",0
"2177087..2178949	0",0
"2178957..2179436	0",0
"2179673..2180446	0",0
"2180450..2181217	0",0
"2181262..2181906	0",0
"2181918..2182442	0",0
"2182460..2183239	0",0
"2183372..2183869	0",0
"2183866..2184957	0",0
"2184959..2186188	0",0
"2186203..2187159	0",0
"2187384..2188493	0",0
"2188496..2191015	0",0
"2191027..2192097	0",0
"2192094..2192609	0",0
"2192606..2193667	0",0
"2193664..2194434	0",0
"2194644..2194973	0",0
"2194970..2195347	0",0
"2195344..2195934	0",0
"2195989..2197353	0",0
"2197508..2197960	0",0
"2198024..2198425	0",0
"2198714..2199064	0",0
"2199998..2200189	0",0
"2200190..2200486	0",0
"2200726..2200941	0",0
"2200938..2201249	0",0
"2201223..2201744	0",0
"2201719..2202096	0",0
"2202138..2202587	0",0
"2202584..2203129	0",0
"2203018..2203632	0",0
"2203681..2203977	0",0
"2203974..2204225	0",0
"2204212..2204706	0",0
"2204866..2205273	0",0
"2205277..2205549	0",0
"2205582..2206802	1",1
"2207700..2208497	0",0
"2208507..2209322	0",0
"2209327..2210604	0",0
"2210601..2211629	0",0
"2211626..2212858	0",0
"2212855..2214126	0",0
"2214123..2215256	0",0
"2215257..2216570	0",0
"2216592..2217167	0",0
"2217164..2217646	0",0
"2217659..2218036	0",0
"2218052..2218717	0",0
"2218844..2219251	0",0
"2219754..2220800	0",0
"2220908..2221756	0",0
"2221719..2223164	0",0
"2223343..2224029	0",0
"2224220..2225188	0",0
"2225413..2225832	0",0
"2225841..2226101	0",0
"2226244..2227920	0",0
"2227908..2228561	0",0
"2228991..2229902	0",0
"2230011..2230610	0",0
"2231026..2231454	0",0
"2231680..2232219	0",0
"2232739..2233299	0",0
"2233296..2233637	0",0
"2234305..2234649	0",0
"2234643..2234891	0",0
"2234991..2237306	0",0
"2237303..2237575	0",0
"2237628..2237984	0",0
"2238141..2238908	0",0
"2239004..2239957	0",0
"2240159..2242876	0",0
"2242945..2243721	0",0
"2243816..2245138	0",0
"2245209..2246822	0",0
"2246832..2247584	0",0
"2247660..2248442	0",0
"2248563..2249420	0",0
"2249478..2250974	0",0
"2250996..2251883	0",0
"2252002..2255985	0",0
"2256084..2256428	0",0
"2256617..2257942	0",0
"2258030..2258272	0",0
"2258273..2258671	0",0
"2258854..2259285	0",0
"2259326..2259820	0",0
"2261816..2263072	0",0
"2263426..2264001	0",0
"2263998..2265038	0",0
"2265280..2265999	0",0
"2265989..2266405	0",0
"2266805..2267110	0",0
"2267119..2267724	0",0
"2267749..2268108	0",0
"2268693..2270240	0",0
"2270750..2271748	0",0
"2271863..2272747	1",1
"2272787..2274508	0",0
"2274569..2275408	0",0
"2275405..2276424	0",0
"2276441..2278486	0",0
"2278498..2278932	0",0
"2279129..2280124	0",0
"2280240..2281082	0",0
"2281294..2281617	0",0
"2281614..2282102	0",0
"2282099..2282740	0",0
"2282747..2283721	0",0
"2283723..2284796	0",0
"2284799..2285641	0",0
"2285628..2286530	0",0
"2286527..2287846	1",1
"2287884..2288681	0",0
"2288681..2289241	0",0
"2289282..2289599	0",0
"2289685..2291220	0",0
"2291269..2291925	0",0
"2291962..2294526	0",0
"2294531..2306986	0",0
"2307293..2307517	0",0
"2307821..2308156	1",1
"2308131..2310755	0",0
"2310913..2312517	0",0
"2312522..2313049	0",0
"2313125..2313838	0",0
"2314087..2314353	0",0
"2314354..2314659	0",0
"2314661..2314825	0",0
"2314825..2315061	0",0
"2315174..2316709	0",0
"2316279..2316680	0",0
"2316681..2317085	0",0
"2317169..2320753	0",0
"2320831..2321064	0",0
"2321057..2321467	0",0
"2321451..2322542	0",0
"2322552..2323178	0",0
"2323175..2324701	0",0
"2324647..2325870	0",0
"2325886..2326809	0",0
"2326944..2327501	0",0
"2327491..2328225	0",0
"2328222..2328977	0",0
"2328974..2330146	0",0
"2330214..2330963	0",0
"2330993..2331406	0",0
"2331416..2332879	0",0
"2333037..2333288	0",0
"2333323..2334294	0",0
"2334295..2334594	0",0
"2335059..2335373	0",0
"2335355..2337325	0",0
"2337306..2337869	0",0
"2338065..2338505	0",0
"2338709..2340874	0",0
"2340871..2341815	0",0
"2341808..2342944	0",0
"2343027..2343332	0",0
"2343311..2343916	0",0
"2344411..2346180	0",0
"2346197..2347324	0",0
"2347373..2348554	0",0
"2348558..2349292	0",0
"2349334..2352054	0",0
"2352103..2353029	1",1
"2353046..2353297	0",0
"2353365..2354315	0",0
"2354312..2355310	0",0
"2355319..2356677	0",0
"2358389..2360041	0",0
"2360240..2363281	0",0
"2363391..2364107	0",0
"2364086..2364520	0",0
"2364527..2364781	0",0
"2367359..2367655	0",0
"2367711..2368442	0",0
"2368983..2369729	1",1
"2369726..2370601	1",1
"2370598..2370792	1",1
"2370905..2372569	0",0
"2372630..2373823	0",0
"2373834..2374457	0",0
"2374461..2376290	0",0
"2376571..2377140	0",0
"2377148..2377441	0",0
"2377470..2378312	0",0
"2378386..2379222	0",0
"2379245..2379727	0",0
"2379806..2380660	1",1
"2380663..2380944	1",1
"2381071..2382492	0",0
"2382489..2386067	0",0
"2386293..2387171	0",0
"2387202..2387972	0",0
"2388616..2390085	0",0
"2390085..2390288	0",0
"2390308..2391189	0",0
"2391215..2392459	1",1
"2392517..2393320	0",0
"2393411..2393641	0",0
"2393851..2394639	0",0
"2394650..2395237	0",0
"2395301..2396011	0",0
"2396008..2396838	0",0
"2396902..2397315	0",0
"2397330..2398406	1",1
"2398720..2399793	0",0
"2399798..2400328	0",0
"2400376..2401722	0",0
"2402193..2402510	0",0
"2402507..2402722	0",0
"2402977..2404035	0",0
"2404165..2404521	0",0
"2404616..2405398	1",1
"2405666..2405956	0",0
"2406118..2406843	0",0
"2406840..2407616	0",0
"2407622..2408374	0",0
"2408385..2409524	1",1
"2409697..2410641	1",1
"2410638..2412122	1",1
"2412119..2413351	1",1
"2413348..2414922	1",1
"2414934..2416394	0",0
"2416396..2417475	1",1
"2417472..2419004	1",1
"2419001..2420608	0",0
"2420631..2421665	0",0
"2422271..2423137	0",0
"2423240..2424838	0",0
"2425048..2427087	1",1
"2427084..2428238	1",1
"2428235..2429425	0",0
"2429427..2429858	1",1
"2431565..2431969	0",0
"2432235..2432855	0",0
"2432951..2433634	0",0
"2433631..2434536	0",0
"2434847..2435905	0",0
"2435909..2437459	1",1
"2437446..2437886	0",0
"2437941..2439140	0",0
"2439282..2439947	0",0
"2440332..2441720	1",1
"2441811..2442317	1",1
"2442327..2443214	0",0
"2443302..2444585	0",0
"2444586..2445329	1",1
"2445415..2445810	0",0
"2445807..2446946	0",0
"2447066..2447500	0",0
"2447605..2447994	0",0
"2448160..2449962	0",0
"2449993..2451150	1",1
"2451247..2452020	0",0
"2452115..2453272	0",0
"2453819..2455756	0",0
"2455631..2456743	1",1
"2456901..2457512	1",1
"2457553..2458395	1",1
"2458392..2459681	1",1
"2459678..2461327	1",1
"2461504..2462148	0",0
"2462148..2463047	0",0
"2463233..2463652	0",0
"2463660..2464751	1",1
"2464997..2466955	1",1
"2467053..2468027	0",0
"2468231..2468923	0",0
"2468931..2469287	0",0
"2469387..2470463	0",0
"2470622..2471332	0",0
"2471411..2472496	0",0
"2472493..2473242	0",0
"2473400..2474938	0",0
"2474864..2475970	1",1
"2476042..2477181	1",1
"2477190..2478326	0",0
"2478338..2479885	0",0
"2479923..2481701	0",0
"2481965..2483626	1",1
"2483626..2484531	0",0
"2484584..2485276	1",1
"2485273..2486208	1",1
"2486235..2486987	1",1
"2486994..2487416	0",0
"2487615..2489051	1",1
"2489369..2492353	1",1
"2492402..2493742	0",0
"2493837..2495399	0",0
"2495461..2497023	0",0
"2497742..2498587	1",1
"2498832..2500373	0",0
"2500931..2501632	0",0
"2501644..2502738	0",0
"2502735..2503472	1",1
"2503469..2504608	0",0
"2504605..2505699	1",1
"2505736..2506161	0",0
"2506207..2506383	0",0
"2506278..2507153	0",0
"2507146..2507637	0",0
"2507637..2508452	1",1
"2508434..2509375	0",0
"2509489..2510256	0",0
"2510351..2510587	0",0
"2510715..2511176	0",0
"2511176..2511652	0",0
"2511690..2512280	0",0
"2512539..2515244	0",0
"2515304..2516548	1",1
"2516787..2517695	0",0
"2517771..2518118	1",1
"2518115..2519365	1",1
"2519396..2520712	1",1
"2520743..2522164	1",1
"2522360..2523175	0",0
"2523241..2524791	0",0
"2524785..2525354	0",0
"2525565..2526992	1",1
"2526989..2527918	0",0
"2527984..2528487	0",0
"2528520..2528975	0",0
"2529341..2529874	0",0
"2530004..2530822	0",0
"2530836..2531897	0",0
"2532245..2533330	0",0
"2533330..2533965	1",1
"2535641..2536594	0",0
"2536572..2538350	0",0
"2538700..2539929	0",0
"2540104..2541390	0",0
"2541644..2542810	0",0
"2542807..2544276	1",1
"2544289..2544621	0",0
"2544698..2545225	0",0
"2545332..2545631	0",0
"2545737..2546105	0",0
"2546102..2546431	0",0
"2546488..2546805	0",0
"2546839..2547087	0",0
"2546883..2547752	0",0
"2547749..2548939	0",0
"2549124..2550029	0",0
"2553173..2554831	0",0
"2554938..2555876	0",0
"2555941..2556135	1",1
"2556145..2557440	0",0
"2557473..2558810	0",0
"2558877..2559569	0",0
"2559703..2561331	0",0
"2561328..2561705	0",0
"2561675..2562457	0",0
"2562599..2563114	0",0
"2563174..2564028	0",0
"2564029..2564253	0",0
"2564292..2565032	0",0
"2565327..2566550	0",0
"2566772..2567410	0",0
"2567504..2568406	0",0
"2568438..2568890	0",0
"2569082..2570053	0",0
"2570059..2572002	0",0
"2572076..2573008	0",0
"2573015..2573707	0",0
"2573813..2574055	0",0
"2574096..2575019	0",0
"2575016..2575225	0",0
"2575809..2577098	0",0
"2577851..2578696	0",0
"2579228..2579419	0",0
"2579504..2579935	0",0
"2580028..2580210	0",0
"2580419..2581135	0",0
"2583045..2583332	0",0
"2583435..2583779	0",0
"2583884..2584408	0",0
"2584486..2584755	0",0
"2585052..2585906	0",0
"2585917..2587290	0",0
"2587287..2588804	0",0
"2588838..2589710	0",0
"2589697..2590521	0",0
"2590518..2591840	0",0
"2591848..2592726	1",1
"2592723..2594153	0",0
"2595361..2596269	0",0
"2596334..2596780	0",0
"2597009..2597857	1",1
"2597854..2599947	0",0
"2599988..2600479	0",0
"2600731..2601879	0",0
"2601914..2603461	0",0
"2603695..2604222	0",0
"2604297..2604683	0",0
"2604740..2605078	0",0
"2605108..2606754	0",0
"2606708..2608321	0",0
"2608796..2609728	0",0
"2609732..2610421	0",0
"2610837..2611805	0",0
"2611869..2612987	0",0
"2613107..2614063	1",1
"2614693..2617581	0",0
"2617667..2618908	0",0
"2619597..2620016	0",0
"2620272..2620529	0",0
"2620533..2622452	1",1
"2622457..2623752	0",0
"2623821..2625803	0",0
"2625888..2626172	0",0
"2626223..2626519	0",0
"2626654..2626980	0",0
"2627172..2628698	0",0
"2628781..2630319	0",0
"2630537..2632075	0",0
"2632923..2634098	0",0
"2634528..2635592	0",0
"2639673..2641064	1",1
"2641246..2641653	0",0
"2641650..2642042	0",0
"2642150..2642578	0",0
"2642578..2643468	1",1
"2643461..2644258	0",0
"2644320..2645774	0",0
"2645771..2646673	1",1
"2646747..2647088	1",1
"2647060..2648367	0",0
"2648364..2648912	0",0
"2648916..2649974	0",0
"2649946..2650248	0",0
"2650245..2651558	0",0
"2651753..2651938	0",0
"2652037..2652825	0",0
"2652839..2653987	1",1
"2654062..2655093	0",0
"2655265..2655582	0",0
"2655609..2656115	0",0
"2656215..2656430	0",0
"2656408..2657703	1",1
"2657700..2662085	0",0
"2662067..2667115	0",0
"2667255..2670269	0",0
"2670269..2671603	1",1
"2671593..2675837	0",0
"2675936..2677633	0",0
"2677729..2678649	0",0
"2678653..2680005	1",1
"2680765..2682018	0",0
"2682015..2683142	0",0
"2683248..2683712	0",0
"2683709..2684266	0",0
"2684679..2686370	1",1
"2686367..2687131	1",1
"2687128..2687973	0",0
"2688010..2689941	0",0
"2690072..2692075	0",0
"2692224..2692439	0",0
"2692551..2692715	0",0
"2692799..2693884	0",0
"2693909..2694964	1",1
"2694981..2695799	1",1
"2695796..2696647	1",1
"2696644..2697714	1",1
"2697728..2698057	0",0
"2698042..2698245	0",0
"2698529..2700457	0",0
"2700535..2701290	0",0
"2701287..2703248	0",0
"2703269..2703838	0",0
"2704009..2704437	0",0
"2704697..2705518	0",0
"2706494..2707333	0",0
"2707333..2708310	0",0
"2708310..2709965	0",0
"2710075..2710335	1",1
"2710351..2711301	0",0
"2711332..2712876	0",0
"2712891..2713784	0",0
"2714124..2715332	0",0
"2715472..2716314	0",0
"2716395..2717138	1",1
"2717128..2717799	0",0
"2717796..2718176	0",0
"2718173..2718808	1",1
"2719083..2719355	0",0
"2719597..2720643	0",0
"2720776..2721777	0",0
"2721866..2723308	0",0
"2723308..2724183	0",0
"2724230..2725477	0",0
"2726193..2726780	0",0
"2726806..2727339	0",0
"2727336..2727920	0",0
"2727967..2728266	0",0
"2728437..2728847	0",0
"2728844..2729134	0",0
"2729115..2730560	0",0
"2730557..2732749	0",0
"2733230..2734144	0",0
"2734376..2734795	1",1
"2734792..2736831	1",1
"2736709..2736987	0",0
"2737117..2738247	1",1
"2738247..2739686	1",1
"2739772..2740032	1",1
"2740047..2740361	1",1
"2740709..2742184	0",0
"2742123..2744984	1",1
"2745314..2745724	0",0
"2745767..2746138	0",0
"2746135..2747598	1",1
"2747595..2750225	1",1
"2750313..2751572	0",0
"2751662..2752180	0",0
"2752262..2752660	0",0
"2752848..2752994	0",0
"2753018..2753623	0",0
"2753625..2754746	0",0
"2754743..2756704	0",0
"2756936..2758192	0",0
"2758208..2759488	1",1
"2759779..2760687	0",0
"2760854..2762380	0",0
"2762531..2763175	1",1
"2763172..2763774	0",0
"2763891..2765291	0",0
"2765655..2766839	0",0
"2766859..2767665	0",0
"2767671..2768159	0",0
"2768261..2768884	0",0
"2768986..2771571	0",0
"2771644..2772147	0",0
"2772098..2772331	0",0
"2772367..2773035	0",0
"2773178..2773564	0",0
"2773564..2775204	0",0
"2775272..2775565	0",0
"2775568..2776284	0",0
"2776316..2776969	0",0
"2776975..2777391	0",0
"2777388..2782262	0",0
"2782366..2784042	1",1
"2784123..2784608	0",0
"2786575..2786898	0",0
"2786914..2789283	0",0
"2789280..2791022	0",0
"2791019..2792494	0",0
"2792723..2793988	0",0
"2794350..2795120	0",0
"2795301..2797385	0",0
"2797467..2800880	0",0
"2800846..2801145	0",0
"2801254..2806236	0",0
"2806665..2807288	0",0
"2807278..2808030	0",0
"2808083..2808304	0",0
"2808310..2808735	0",0
"2808758..2809939	0",0
"2809936..2810982	0",0
"2810993..2812096	0",0
"2812355..2813176	0",0
"2813173..2813730	0",0
"2813727..2814911	1",1
"2814916..2816880	0",0
"2816885..2818474	0",0
"2818471..2819127	0",0
"2819124..2819870	0",0
"2819953..2821596	0",0
"2821712..2822359	0",0
"2822438..2823259	1",1
"2823256..2824593	0",0
"2824678..2825484	0",0
"2825488..2827089	1",1
"2827157..2827804	1",1
"2828556..2829803	0",0
"2830161..2830583	0",0
"2830877..2831338	0",0
"2831344..2832591	1",1
"2832710..2833513	1",1
"2833510..2833761	0",0
"2834109..2835335	0",0
"2835785..2837263	0",0
"2837388..2837615	0",0
"2837684..2838157	0",0
"2838129..2839541	0",0
"2839538..2839930	0",0
"2840123..2849332	1",1
"2849852..2850574	0",0
"2851091..2851318	0",0
"2851315..2851716	0",0
"2851751..2852671	0",0
"2852875..2854266	0",0
"2854267..2854686	0",0
"2854683..2854907	0",0
"2854938..2857781	0",0
"2857853..2858254	0",0
"2858254..2858724	1",1
"2858727..2859290	1",1
"2859300..2860418	0",0
"2860452..2861144	0",0
"2861148..2861591	1",1
"2861588..2862676	1",1
"2862673..2863203	1",1
"2863207..2864412	1",1
"2864427..2864834	0",0
"2865130..2866341	0",0
"2866468..2867127	0",0
"2867124..2867786	0",0
"2867783..2868061	0",0
"2868154..2868567	0",0
"2868606..2868863	0",0
"2868860..2869237	0",0
"2869253..2869627	0",0
"2869727..2870122	0",0
"2870119..2870364	0",0
"2870775..2871194	0",0
"2871206..2872015	1",1
"2872012..2873265	0",0
"2873258..2873770	1",1
"2873771..2876485	1",1
"2876576..2876965	0",0
"2877072..2877746	0",0
"2877831..2878541	0",0
"2878571..2879929	0",0
"2880075..2881052	0",0
"2882290..2883339	0",0
"2883342..2884334	0",0
"2884611..2886362	0",0
"2886373..2889795	0",0
"2889795..2892449	0",0
"2892446..2893471	0",0
"2893464..2894408	0",0
"2894512..2894901	0",0
"2894893..2895960	0",0
"2896013..2897803	0",0
"2898043..2898783	0",0
"2898806..2899309	0",0
"2899339..2900220	0",0
"2900226..2900690	0",0
"2900918..2902507	0",0
"2902509..2903531	0",0
"2903639..2904541	0",0
"2904821..2906092	1",1
"2906089..2906763	0",0
"2906814..2907740	1",1
"2907826..2910198	0",0
"2910229..2910900	0",0
"2911004..2912677	0",0
"2912683..2914011	0",0
"2914015..2915736	0",0
"2915846..2916193	0",0
"2916360..2917709	0",0
"2917871..2921377	0",0
"2921551..2923182	0",0
"2923199..2924233	0",0
"2924230..2924820	0",0
"2924817..2925383	0",0
"2925492..2925737	0",0
"2925734..2926138	0",0
"2926355..2926975	0",0
"2926986..2927480	0",0
"2927477..2927908	0",0
"2927990..2928391	0",0
"2928388..2929959	0",0
"2930070..2930357	0",0
"2930344..2930784	0",0
"2930805..2931560	0",0
"2931693..2932289	0",0
"2932297..2933142	0",0
"2933171..2934070	0",0
"2934198..2934872	0",0
"2935046..2936788	0",0
"2936810..2937865	0",0
"2937865..2939001	0",0
"2939012..2939962	1",1
"2939959..2940612	1",1
"2940609..2941196	1",1
"2941189..2943267	1",1
"2943376..2943603	0",0
"2943600..2944985	0",0
"2945330..2945830	0",0
"2945847..2946287	0",0
"2946434..2947111	0",0
"2947096..2947449	0",0
"2947462..2947887	0",0
"2947884..2948558	0",0
"2948636..2949457	0",0
"2949593..2950486	1",1
"2950489..2951307	0",0
"2951322..2952503	0",0
"2952562..2952993	0",0
"2953507..2954748	0",0
"2955058..2955420	0",0
"2955767..2956891	0",0
"2956893..2957432	0",0
"2957572..2958870	0",0
"2958909..2959190	0",0
"2959335..2959820	0",0
"2960105..2962441	0",0
"2962470..2962712	0",0
"2962713..2963390	0",0
"2963586..2964242	0",0
"2964405..2964851	0",0
"2965026..2965358	0",0
"2965478..2965837	0",0
"2965939..2966397	0",0
"2966533..2966913	0",0
"2966910..2968406	0",0
"2968533..2968850	0",0
"2970123..2970554	0",0
"2970551..2971549	0",0
"2973795..2975234	0",0
"2975242..2975775	0",0
"2975928..2976554	0",0
"2976586..2976909	0",0
"2976989..2977234	0",0
"2977231..2978658	0",0
"2978660..2979052	0",0
"2979049..2979309	0",0
"2979326..2979688	0",0
"2979691..2980818	0",0
"2980963..2981190	0",0
"2981187..2981576	0",0
"2981482..2981754	0",0
"2981853..2982086	0",0
"2982097..2982351	0",0
"2982699..2982980	0",0
"2983896..2984654	0",0
"2984733..2985254	0",0
"2985283..2985753	0",0
"2985731..2986840	0",0
"2986839..2987615	0",0
"2987682..2989268	0",0
"2989291..2990592	1",1
"2990706..2991116	0",0
"2991184..2991936	0",0
"2991933..2992628	0",0
"2992634..2993992	0",0
"2993989..2995062	0",0
"2995115..2995945	0",0
"2996105..2996737	0",0
"2996739..2998055	0",0
"2998052..2999968	1",1
"3000112..3000609	0",0
"3000614..3001903	0",0
"3001983..3003269	0",0
"3003280..3004038	0",0
"3004035..3004748	0",0
"3004745..3005650	0",0
"3005845..3007062	0",0
"3007236..3009209	0",0
"3009344..3010027	0",0
"3010024..3010686	0",0
"3010697..3011368	0",0
"3011399..3011767	0",0
"3011916..3012623	0",0
"3012829..3013608	0",0
"3013683..3014147	1",1
"3014173..3014658	1",1
"3014663..3014965	0",0
"3015203..3015853	1",1
"3015863..3016735	0",0
"3016858..3017655	1",1
"3017835..3019421	1",1
"3019458..3019886	0",0
"3019814..3020203	0",0
"3020200..3020457	0",0
"3020573..3021547	0",0
"3021548..3021796	0",0
"3021839..3022285	0",0
"3022461..3023432	1",1
"3023565..3024257	0",0
"3024270..3025328	0",0
"3025441..3026847	0",0
"3027065..3028039	0",0
"3028098..3029123	0",0
"3029172..3029858	0",0
"3029867..3030361	0",0
"3030413..3030877	0",0
"3031040..3031537	0",0
"3031788..3032498	0",0
"3032520..3034619	0",0
"3034635..3034883	0",0
"3034909..3036102	0",0
"3036131..3037291	0",0
"3037427..3038914	0",0
"3038931..3039800	1",1
"3039825..3040769	1",1
"3040766..3041461	0",0
"3041570..3042475	0",0
"3042542..3043018	0",0
"3043026..3044378	0",0
"3044375..3044989	0",0
"3044986..3046524	0",0
"3046821..3047675	0",0
"3047560..3048552	0",0
"3048562..3049086	0",0
"3049052..3051424	0",0
"3051806..3052012	0",0
"3052023..3053189	1",1
"3053233..3053682	0",0
"3053914..3055491	0",0
"3055515..3056348	0",0
"3056420..3057232	0",0
"3057251..3058063	0",0
"3058193..3058531	0",0
"3058602..3059231	1",1
"3059262..3059786	1",1
"3059855..3062506	1",1
"3062505..3062819	0",0
"3062816..3063634	0",0
"3063638..3064528	0",0
"3064515..3066191	0",0
"3066222..3067124	1",1
"3067193..3067945	1",1
"3068461..3070083	0",0
"3070170..3070586	0",0
"3070583..3070849	0",0
"3070875..3071270	0",0
"3071267..3071536	0",0
"3071546..3072640	0",0
"3072637..3073056	0",0
"3073130..3073609	0",0
"3073680..3074471	0",0
"3074636..3075373	0",0
"3075588..3076370	0",0
"3076367..3076720	0",0
"3076894..3078078	0",0
"3078158..3078985	0",0
"3079309..3080457	0",0
"3080581..3081033	0",0
"3081119..3081592	0",0
"3081604..3082341	0",0
"3082352..3082756	0",0
"3082909..3083370	0",0
"3083374..3084303	0",0
"3084485..3085555	0",0
"3085713..3086183	0",0
"3086215..3086754	0",0
"3086820..3087935	0",0
"3087950..3088984	0",0
"3089045..3090361	0",0
"3090339..3092597	0",0
"3092951..3093466	0",0
"3093479..3093748	0",0
"3093905..3094900	1",1
"3095111..3096874	0",0
"3096959..3097645	0",0
"3097706..3098938	0",0
"3098964..3100169	0",0
"3100202..3101581	0",0
"3101581..3102162	0",0
"3102364..3103260	0",0
"3103257..3103940	0",0
"3103937..3104911	0",0
"3105056..3105619	0",0
"3105619..3107307	0",0
"3107311..3107637	0",0
"3107768..3108397	0",0
"3108416..3110065	0",0
"3110167..3110523	0",0
"3110507..3110737	0",0
"3110780..3111823	0",0
"3111822..3112289	0",0
"3112465..3113094	0",0
"3112867..3113271	0",0
"3113268..3113459	0",0
"3113658..3114812	0",0
"3115046..3115303	0",0
"3115408..3115719	0",0
"3116139..3116747	0",0
"3116818..3118227	1",1
"3118224..3119036	1",1
"3123625..3123966	0",0
"3123967..3124983	1",1
"3124996..3126144	0",0
"3126240..3127367	0",0
"3127364..3128272	0",0
"3128253..3128963	0",0
"3128973..3129347	0",0
"3129344..3131773	0",0
"3131770..3132714	0",0
"3132892..3133539	0",0
"3133709..3134593	0",0
"3134596..3135483	1",1
"3135788..3136333	1",1
"3136330..3136599	0",0
"3136620..3137012	0",0
"3137009..3137224	1",1
"3137271..3138020	0",0
"3138099..3139181	1",1
"3139174..3140484	1",1
"3140487..3141314	0",0
"3141311..3142222	0",0
"3142309..3143628	0",0
"3143635..3144645	1",1
"3144620..3145171	0",0
"3145171..3147873	1",1
"3147959..3148258	0",0
"3148385..3149428	1",1
"3149425..3149976	0",0
"3150171..3150716	0",0
"3150713..3151201	0",0
"3151202..3152950	1",1
"3153039..3154631	1",1
"3154654..3155871	0",0
"3156148..3157521	0",0
"3157521..3158144	0",0
"3158165..3160054	0",0
"3160051..3160521	0",0
"3160580..3162061	0",0
"3162268..3164115	0",0
"3164152..3165192	0",0
"3165205..3166584	1",1
"3166684..3167802	1",1
"3168583..3169359	0",0
"3169356..3170723	0",0
"3170720..3171646	0",0
"3171627..3173000	0",0
"3173160..3174017	0",0
"3174059..3174643	0",0
"3174747..3174995	0",0
"3174992..3175372	0",0
"3175454..3177265	0",0
"3177537..3177818	0",0
"3177822..3178085	0",0
"3178458..3179312	0",0
"3179368..3180531	0",0
"3180548..3181762	1",1
"3181770..3183011	0",0
"3183138..3183395	0",0
"3183382..3183825	0",0
"3183905..3184567	0",0
"3184847..3186934	0",0
"3187030..3187611	0",0
"3187663..3187977	0",0
"3188008..3188871	0",0
"3188876..3189397	0",0
"3190701..3191621	1",1
"3191644..3192201	1",1
"3192373..3193158	1",1
"3193393..3194151	0",0
"3194166..3195548	0",0
"3195545..3196432	0",0
"3196431..3196850	0",0
"3196864..3198285	0",0
"3198292..3199107	1",1
"3199119..3199982	1",1
"3200266..3201015	0",0
"3200794..3202020	0",0
"3202420..3203397	0",0
"3203394..3204290	0",0
"3204381..3205232	0",0
"3205265..3206434	0",0
"3206431..3207942	1",1
"3207942..3208328	0",0
"3208576..3209406	0",0
"3209406..3211745	0",0
"3211803..3212108	0",0
"3212162..3212956	0",0
"3212970..3213854	1",1
"3213912..3214253	1",1
"3214628..3215572	0",0
"3215665..3216357	1",1
"3216361..3216891	1",1
"3216905..3217147	1",1
"3217155..3217643	0",0
"3217827..3218270	0",0
"3218339..3219214	0",0
"3219274..3219861	0",0
"3219863..3221698	0",0
"3221767..3223524	0",0
"3223568..3224680	0",0
"3224708..3226285	1",1
"3226363..3228243	0",0
"3228254..3230680	0",0
"3230738..3231076	0",0
"3231073..3232506	0",0
"3232871..3234139	0",0
"3234189..3237806	0",0
"3237818..3238099	0",0
"3238086..3238499	0",0
"3238601..3239470	0",0
"3239829..3240551	1",1
"3240548..3241171	1",1
"3241222..3241959	1",1
"3242198..3242983	0",0
"3242970..3243281	0",0
"3243697..3245448	0",0
"3245445..3251075	0",0
"3251072..3255688	0",0
"3255685..3262251	0",0
"3262248..3267731	0",0
"3267737..3272203	0",0
"3272214..3273209	0",0
"3273206..3274075	0",0
"3274072..3274902	0",0
"3274949..3276217	0",0
"3276380..3282715	0",0
"3283335..3285077	0",0
"3285070..3287832	0",0
"3288464..3289705	0",0
"3289705..3290235	0",0
"3289790..3290506	0",0
"3290624..3291325	0",0
"3291503..3296353	0",0
"3296350..3297840	0",0
"3297837..3299954	0",0
"3299971..3300570	0",0
"3300596..3302455	0",0
"3303103..3304248	0",0
"3304441..3305253	0",0
"3305279..3306535	0",0
"3306666..3307391	0",0
"3307580..3308545	0",0
"3308668..3309399	0",0
"3309470..3310297	0",0
"3310714..3312000	0",0
"3312101..3312838	0",0
"3312953..3313201	0",0
"3313283..3313672	0",0
"3313773..3315122	0",0
"3315236..3316456	0",0
"3316529..3317461	0",0
"3318330..3318815	0",0
"3318901..3319467	0",0
"3319663..3323046	1",1
"3323071..3323703	1",1
"3323709..3324476	1",1
"3324573..3325703	0",0
"3325934..3326104	0",0
"3326101..3326949	1",1
"3327023..3327736	0",0
"3327733..3329946	0",0
"3329949..3331361	0",0
"3331358..3331612	0",0
"3332071..3332754	0",0
"3332787..3333788	1",1
"3333785..3335164	0",0
"3335164..3335748	0",0
"3335960..3336505	0",0
"3336796..3337917	1",1
"3337995..3338999	0",0
"3339118..3339762	0",0
"3339854..3342082	0",0
"3342165..3343118	0",0
"3343176..3343820	1",1
"3344033..3344629	1",1
"3344654..3346075	0",0
"3346147..3346848	0",0
"3346859..3347719	0",0
"3347982..3348473	0",0
"3348805..3350277	1",1
"3350274..3350993	0",0
"3351269..3352606	0",0
"3352458..3353468	1",1
"3353483..3355069	1",1
"3355099..3356541	0",0
"3356815..3357276	0",0
"3357602..3358567	1",1
"3358612..3359271	0",0
"3359585..3360586	0",0
"3360624..3361130	1",1
"3361130..3362986	1",1
"3363348..3363686	0",0
"3363693..3364532	0",0
"3364709..3365830	0",0
"3365836..3366450	0",0
"3366644..3367267	0",0
"3367264..3368793	1",1
"3368823..3369854	0",0
"3369950..3371434	0",0
"3371431..3371730	0",0
"3371815..3372471	0",0
"3372545..3374620	1",1
"3374651..3375664	0",0
"3375758..3376387	0",0
"3376490..3376852	0",0
"3376939..3378243	1",1
"3378711..3379001	0",0
"3379036..3379329	0",0
"3380679..3380993	0",0
"3381375..3382622	0",0
"3382785..3383888	0",0
"3383885..3385066	1",1
"3385163..3386077	0",0
"3386074..3386919	0",0
"3387075..3388031	0",0
"3388070..3388870	1",1
"3389101..3389925	1",1
"3389922..3391502	1",1
"3391534..3392778	1",1
"3392812..3393201	0",0
"3393380..3393928	0",0
"3394019..3394921	0",0
"3395379..3396461	0",0
"3396458..3397141	0",0
"3397214..3398290	0",0
"3398425..3399408	0",0
"3399419..3400183	0",0
"3400192..3401058	0",0
"3401055..3401918	0",0
"3401933..3403162	1",1
"3403200..3404921	1",1
"3405136..3406215	0",0
"3406285..3407325	0",0
"3407314..3407688	0",0
"3408022..3408306	0",0
"3408404..3409378	1",1
"3409509..3411083	0",0
"3411217..3411957	0",0
"3412085..3414166	1",1
"3414232..3414684	0",0
"3414719..3414958	0",0
"3415435..3415989	0",0
"3416081..3416695	0",0
"3416705..3417745	0",0
"3417799..3418662	0",0
"3418726..3419376	0",0
"3419492..3420970	0",0
"3421741..3423213	0",0
"3423262..3425427	0",0
"3425584..3427107	0",0
"3427243..3429519	0",0
"3429825..3430250	0",0
"3430387..3430710	0",0
"3430707..3431315	0",0
"3431428..3431838	0",0
"3431979..3433622	0",0
"3433692..3434090	0",0
"3434087..3434467	0",0
"3434464..3435573	0",0
"3435798..3436322	0",0
"3436329..3436685	0",0
"3436779..3438053	0",0
"3438050..3438973	0",0
"3439072..3439548	0",0
"3439541..3441352	0",0
"3441353..3441754	0",0
"3441770..3442597	0",0
"3442656..3445988	0",0
"3446040..3447278	0",0
"3447404..3448426	0",0
"3448504..3449991	0",0
"3449997..3450923	0",0
"3450920..3451750	0",0
"3451781..3452887	0",0
"3452925..3454343	0",0
"3454340..3455764	0",0
"3455761..3457272	0",0
"3458211..3459098	0",0
"3459116..3460807	0",0
"3460814..3461734	0",0
"3461760..3462764	0",0
"3462761..3463891	0",0
"3463973..3464449	0",0
"3464547..3465686	0",0
"3465778..3467091	0",0
"3467210..3467662	0",0
"3467606..3467926	0",0
"3468413..3469264	0",0
"3469301..3469783	0",0
"3469786..3470679	1",1
"3470680..3471369	0",0
"3471413..3471850	0",0
"3471852..3472778	0",0
"3472768..3473904	1",1
"3474007..3475377	0",0
"3475378..3476961	0",0
"3477060..3477500	0",0
"3477649..3478728	1",1
"3478779..3479174	0",0
"3479171..3479683	1",1
"3479700..3479951	1",1
"3480074..3480742	1",1
"3480759..3481289	0",0
"3481451..3482698	0",0
"3482776..3483945	0",0
"3483974..3484807	0",0
"3484809..3485111	0",0
"3485132..3485575	0",0
"3485572..3486174	0",0
"3486509..3487711	0",0
"3488089..3488559	0",0
"3488569..3489063	0",0
"3489506..3490375	0",0
"3490476..3491651	0",0
"3491808..3492122	0",0
"3492147..3493181	0",0
"3494975..3496366	0",0
"3496551..3497549	0",0
"3497529..3499265	1",1
"3499262..3499915	0",0
"3499943..3500749	0",0
"3501334..3501732	1",1
"3501794..3502936	0",0
"3502945..3503277	0",0
"3503393..3504175	1",1
"3504195..3505283	0",0
"3505363..3506769	1",1
"3506790..3507995	1",1
"3508095..3509066	0",0
"3509118..3509546	0",0
"3509654..3510055	0",0
"3510088..3511317	0",0
"3511682..3512068	0",0
"3512077..3512631	0",0
"3512628..3513338	0",0
"3513338..3514660	0",0
"3514657..3515415	0",0
"3515412..3516749	0",0
"3516746..3519166	0",0
"3519282..3520514	0",0
"3520507..3521142	0",0
"3521139..3521927	0",0
"3521924..3522223	0",0
"3522234..3524135	0",0
"3524132..3525793	0",0
"3525790..3527385	0",0
"3527391..3529163	0",0
"3529338..3529979	0",0
"3529990..3531138	0",0
"3531208..3531645	0",0
"3531642..3532913	0",0
"3532943..3533905	0",0
"3533913..3534395	0",0
"3534392..3535351	0",0
"3535431..3536057	0",0
"3536102..3537238	0",0
"3537238..3538362	0",0
"3538505..3539851	0",0
"3539846..3540745	0",0
"3540882..3541364	0",0
"3541443..3542045	0",0
"3542138..3542845	0",0
"3542860..3544347	0",0
"3544344..3545300	0",0
"3545447..3546307	1",1
"3546438..3546797	0",0
"3547618..3548907	0",0
"3549254..3549688	0",0
"3549691..3550143	0",0
"3550374..3550718	0",0
"3550715..3551044	0",0
"3554298..3554645	0",0
"3554642..3555262	0",0
"3555422..3556687	0",0
"3556855..3557064	0",0
"3557311..3558345	0",0
"3559563..3560024	0",0
"3560194..3563172	0",0
"3563264..3564286	0",0
"3564364..3565782	0",0
"3565788..3566687	0",0
"3566696..3566896	0",0
"3567024..3568367	0",0
"3568401..3568679	0",0
"3569109..3571211	1",1
"3571335..3571589	0",0
"3571602..3572543	0",0
"3572602..3573669	0",0
"3573731..3577036	1",1
"3577033..3580200	0",0
"3580638..3581312	0",0
"3581315..3581620	0",0
"3581627..3582505	0",0
"3582532..3583710	0",0
"3583801..3584658	0",0
"3585004..3585690	0",0
"3585677..3585949	0",0
"3586274..3586834	0",0
"3586844..3587539	0",0
"3587798..3589381	0",0
"3589394..3590617	0",0
"3590692..3591492	0",0
"3591646..3592257	0",0
"3592254..3593372	0",0
"3593804..3594235	0",0
"3594468..3595433	0",0
"3595713..3595967	0",0
"3596029..3597534	0",0
"3597551..3597766	0",0
"3598051..3598356	0",0
"3598353..3598904	0",0
"3598901..3599551	0",0
"3599851..3600699	0",0
"3601016..3602440	0",0
"3602564..3603322	0",0
"3603377..3604729	0",0
"3604726..3605718	0",0
"3605751..3607034	0",0
"3607112..3608254	0",0
"3608364..3608873	0",0
"3608870..3609757	0",0
"3610374..3611189	0",0
"3611300..3611941	0",0
"3611959..3613116	0",0
"3613121..3613603	0",0
"3613664..3614398	0",0
"3614457..3617603	0",0
"3617682..3620531	1",1
"3620610..3621254	0",0
"3621570..3622211	0",0
"3622249..3623091	1",1
"3623159..3624910	1",1
"3624910..3626613	1",1
"3626663..3627349	0",0
"3627419..3628063	0",0
"3628160..3629647	1",1
"3629752..3630387	0",0
"3630384..3630566	0",0
"3630571..3630738	0",0
"3630738..3631988	0",0
"3632097..3633584	0",0
"3633675..3635063	0",0
"3635041..3636267	1",1
"3636275..3637315	0",0
"3637312..3638709	1",1
"3638811..3639302	0",0
"3639425..3639844	0",0
"3639872..3640141	0",0
"3640543..3641538	0",0
"3641535..3642881	0",0
"3643177..3644838	0",0
"3644898..3645977	1",1
"3645979..3646884	0",0
"3646895..3647809	0",0
"3647885..3649381	1",1
"3649420..3650109	0",0
"3650234..3650515	0",0
"3650526..3652682	0",0
"3652679..3653347	1",1
"3653448..3654632	0",0
"3654637..3656931	0",0
"3656920..3658089	0",0
"3658114..3658638	1",1
"3658635..3659924	0",0
"3659878..3660696	0",0
"3660651..3661169	0",0
"3661212..3662012	0",0
"3662062..3663708	0",0
"3663689..3664222	1",1
"3664219..3664887	0",0
"3664928..3665821	0",0
"3665818..3666249	0",0
"3666357..3668159	1",1
"3668169..3668954	0",0
"3668951..3669388	0",0
"3669586..3669999	0",0
"3670034..3670411	0",0
"3670445..3671794	0",0
"3671845..3672297	0",0
"3672328..3673575	0",0
"3673602..3675086	0",0
"3675186..3675995	0",0
"3676066..3676731	0",0
"3676775..3681316	0",0
"3681320..3682087	0",0
"3682110..3683024	0",0
"3683051..3685963	0",0
"3685983..3686900	0",0
"3686912..3687577	0",0
"3687685..3689442	0",0
"3689457..3690938	0",0
"3691141..3691620	0",0
"3691639..3692808	0",0
"3692805..3693989	0",0
"3694054..3694860	0",0
"3694864..3696468	0",0
"3696470..3697093	0",0
"3697198..3698097	0",0
"3698121..3699383	0",0
"3699404..3700330	0",0
"3700705..3701016	0",0
"3701087..3702184	0",0
"3702184..3703467	0",0
"3703464..3703865	0",0
"3704102..3704440	0",0
"3704437..3704871	0",0
"3705000..3706772	0",0
"3706772..3707563	0",0
"3707642..3708070	0",0
"3708074..3708316	0",0
"3708438..3709052	0",0
"3709049..3709714	0",0
"3709715..3710248	0",0
"3711749..3713461	0",0
"3713394..3714332	0",0
"3714392..3715708	0",0
"3715777..3716994	0",0
"3717090..3718598	0",0
"3718595..3719746	1",1
"3719937..3720782	0",0
"3721257..3721697	0",0
"3721731..3722600	0",0
"3722621..3723631	1",1
"3724615..3725844	0",0
"3726127..3727476	0",0
"3727488..3728627	1",1
"3728624..3729355	0",0
"3729364..3736935	1",1
"3738158..3742774	0",0
"3743198..3743455	0",0
"3743711..3753184	0",0
"3753765..3754256	0",0
"3755952..3767102	0",0
"3767346..3768140	0",0
"3768222..3768593	0",0
"3768736..3768996	0",0
"3769111..3769500	0",0
"3769514..3769807	0",0
"3769804..3770649	1",1
"3770773..3771048	0",0
"3771045..3771302	0",0
"3771344..3772534	0",0
"3772651..3773019	0",0
"3773016..3773567	0",0
"3773574..3774155	0",0
"3774136..3774504	0",0
"3774482..3774874	0",0
"3774871..3777501	0",0
"3777737..3778201	0",0
"3778568..3780334	0",0
"3780335..3780979	0",0
"3780978..3781412	0",0
"3781501..3784740	0",0
"3784932..3786272	0",0
"3786314..3787489	1",1
"3787726..3788367	0",0
"3788621..3790048	0",0
"3790156..3790809	0",0
"3790848..3792353	0",0
"3792358..3793248	0",0
"3793257..3794867	0",0
"3796448..3797437	0",0
"3797437..3798489	0",0
"3799243..3799635	0",0
"3799635..3799943	0",0
"3800092..3800796	0",0
"3800786..3801463	0",0
"3801653..3803848	0",0
"3803919..3804791	0",0
"3804865..3805575	0",0
"3805621..3807573	0",0
"3807574..3808437	0",0
"3808461..3809387	0",0
"3809442..3811025	0",0
"3811022..3811636	0",0
"3811719..3812345	0",0
"3812501..3814078	1",1
"3814090..3814998	0",0
"3815027..3816106	1",1
"3816129..3817175	0",0
"3817239..3818027	0",0
"3818042..3820402	0",0
"3820653..3821891	0",0
"3822262..3823863	0",0
"3823880..3824584	0",0
"3824702..3825268	0",0
"3825330..3826217	0",0
"3826252..3826551	0",0
"3826548..3826958	0",0
"3826991..3828727	0",0
"3828783..3829910	0",0
"3829930..3831519	1",1
"3831726..3832136	0",0
"3832146..3833045	0",0
"3833038..3833676	0",0
"3833694..3834521	0",0
"3834892..3835200	0",0
"3835272..3836891	1",1
"3836986..3837288	1",1
"3837555..3838589	0",0
"3838586..3839062	0",0
"3839059..3839694	0",0
"3839691..3840197	1",1
"3840194..3841420	1",1
"3841714..3842076	0",0
"3842239..3842769	0",0
"3843036..3843734	0",0
"3843885..3844640	1",1
"3844738..3845970	0",0
"3847165..3847701	0",0
"3847642..3848805	0",0
"3850372..3851754	0",0
"3851792..3853213	0",0
"3853215..3853928	0",0
"3853939..3854793	0",0
"3855015..3856889	1",1
"3856911..3857387	0",0
"3857397..3858239	0",0
"3858259..3859662	0",0
"3859665..3859976	0",0
"3860024..3861370	1",1
"3861495..3861950	0",0
"3861947..3862390	1",1
"3862624..3862926	0",0
"3862947..3863264	0",0
"3863317..3864531	0",0
"3864528..3868238	0",0
"3868352..3869755	0",0
"3869752..3871119	0",0
"3871084..3872496	0",0
"3872617..3873405	0",0
"3873452..3874132	0",0
"3876052..3876822	0",0
"3876890..3877432	0",0
"3877464..3878507	1",1
"3878659..3879264	1",1
"3879273..3879692	1",1
"3879696..3880070	0",0
"3880286..3880399	0",0
"3880432..3880653	1",1
"3880907..3881764	0",0
"3881837..3882832	1",1
"3882834..3883442	1",1
"3883525..3884193	0",0
"3883964..3884917	0",0
"3884975..3886069	0",0
"3886073..3887083	0",0
"3887144..3888802	0",0
"3888808..3889341	0",0
"3889362..3889868	0",0
"3889948..3890733	0",0
"3894093..3894389	0",0
"3894426..3895607	0",0
"3895820..3898885	0",0
"3898909..3900402	0",0
"3900493..3901182	0",0
"3901324..3902106	0",0
"3902150..3902812	0",0
"3903078..3904616	0",0
"3904622..3905566	0",0
"3905772..3906221	0",0
"3906174..3907007	0",0
"3907667..3907990	0",0
"3908072..3908236	0",0
"3908236..3909738	1",1
"3909890..3910468	0",0
"3910465..3910947	0",0
"3910947..3911675	0",0
"3911675..3913369	0",0
"3913380..3914534	0",0
"3914531..3915886	0",0
"3915883..3916956	0",0
"3916946..3917998	0",0
"3917998..3919200	0",0
"3919220..3920062	0",0
"3920097..3920861	0",0
"3921087..3922040	0",0
"3922065..3922256	0",0
"3922471..3923673	0",0
"3923698..3924819	0",0
"3924890..3926398	0",0
"3926569..3930714	0",0
"3931005..3936710	0",0
"3936877..3938424	0",0
"3938421..3939257	0",0
"3939617..3941761	0",0
"3945092..3945748	0",0
"3945794..3950263	0",0
"3950824..3952470	0",0
"3952544..3953335	0",0
"3953431..3954270	0",0
"3954325..3955521	0",0
"3955550..3956260	0",0
"3956325..3957368	0",0
"3957521..3958432	0",0
"3958448..3959512	0",0
"3959529..3960713	0",0
"3960755..3961786	0",0
"3961800..3962324	0",0
"3962439..3963599	0",0
"3963605..3964054	0",0
"3964479..3965192	0",0
"3965884..3967038	0",0
"3967038..3967820	0",0
"3967817..3968944	0",0
"3969343..3970563	0",0
"3970705..3972453	0",0
"3972552..3973592	0",0
"3973589..3974500	0",0
"3974511..3975296	0",0
"3975369..3977060	0",0
"3977062..3977922	1",1
"3978059..3979498	0",0
"3979499..3980659	0",0
"3980659..3981048	0",0
"3981045..3981980	0",0
"3981977..3983140	0",0
"3983125..3984144	0",0
"3984144..3985445	0",0
"3985557..3986732	0",0
"3986844..3987299	0",0
"3987382..3988296	0",0
"3988319..3989098	0",0
"3989153..3989896	0",0
"3989896..3990774	0",0
"3990771..3991523	0",0
"3991621..3992688	0",0
"3992685..3994742	0",0
"3994830..3995699	0",0
"3995804..3996964	0",0
"3997029..3997631	0",0
"3997980..3999638	0",0
"3999647..4000435	1",1
"4000432..4001589	0",0
"4001637..4003160	0",0
"4003161..4004294	0",0
"4004291..4005250	0",0
"4005247..4006203	1",1
"4006200..4007366	0",0
"4007331..4008182	0",0
"4008167..4008433	0",0
"4008719..4009282	0",0
"4009297..4010199	0",0
"4010196..4011071	0",0
"4011086..4012270	0",0
"4012417..4013493	0",0
"4013511..4014041	0",0
"4014077..4016212	0",0
"4016484..4017083	0",0
"4017089..4018168	0",0
"4018358..4019071	0",0
"4019262..4020128	0",0
"4020142..4021383	0",0
"4021425..4022393	1",1
"4022394..4023803	1",1
"4023868..4024347	1",1
"4024344..4025039	1",1
"4025056..4025544	0",0
"4025830..4026378	0",0
"4026444..4027886	0",0
"4027891..4028967	0",0
"4028968..4029762	0",0
"4029871..4030494	0",0
"4030493..4031407	0",0
"4031404..4033158	0",0
"4033269..4034042	0",0
"4034057..4034374	0",0
"4034352..4035710	1",1
"4035857..4036684	0",0
"4036731..4038050	0",0
"4038158..4040704	1",1
"4040981..4041319	1",1
"4041423..4042940	1",1
"4043041..4043859	0",0
"4043862..4044281	0",0
"4044281..4045210	1",1
"4045207..4046118	0",0
"4046303..4047496	1",1
"4047705..4048181	0",0
"4048181..4048747	0",0
"4048744..4049145	1",1
"4049138..4049980	1",1
"4049977..4050585	1",1
"4050601..4052883	1",1
"4053518..4053847	0",0
"4053881..4054042	0",0
"4054142..4054696	0",0
"4054812..4055123	0",0
"4055197..4056375	0",0
"4057733..4058701	0",0
"4058698..4059885	0",0
"4059984..4060268	0",0
"4060295..4060591	0",0
"4060648..4061889	0",0
"4061899..4062198	0",0
"4062527..4063249	0",0
"4063254..4063904	0",0
"4063901..4064872	1",1
"4064851..4065903	0",0
"4065900..4067285	1",1
"4067423..4067911	0",0
"4067957..4069054	0",0
"4069175..4070470	0",0
"4070514..4071239	0",0
"4071236..4071580	0",0
"4071791..4072666	0",0
"4072667..4073611	1",1
"4073634..4075409	1",1
"4076984..4077730	0",0
"4077884..4078450	0",0
"4078520..4079749	0",0
"4079925..4080560	0",0
"4080571..4080765	0",0
"4081160..4081351	0",0
"4081516..4082721	0",0
"4082807..4084456	0",0
"4084453..4087257	1",1
"4087610..4088188	0",0
"4088328..4088531	1",1
"4088781..4091096	0",0
"4091233..4091517	0",0
"4091841..4092878	0",0
"4093632..4093946	0",0
"4093940..4094527	0",0
"4094923..4095300	0",0
"4095324..4095530	0",0
"4095540..4096115	0",0
"4096139..4096939	1",1
"4096936..4097994	0",0
"4098096..4099148	1",1
"4099647..4100510	0",0
"4101265..4102035	0",0
"4102032..4103678	0",0
"4103675..4104475	0",0
"4104531..4105457	0",0
"4105459..4107084	1",1
"4107792..4109747	0",0
"4109783..4110481	0",0
"4110827..4111345	1",1
"4111346..4112329	0",0
"4112322..4113515	0",0
"4113521..4114342	0",0
"4114474..4115157	0",0
"4115157..4115894	0",0
"4116002..4116379	0",0
"4116478..4117152	0",0
"4117258..4118052	0",0
"4118059..4118514	0",0
"4118530..4118691	0",0
"4118776..4119798	1",1
"4119795..4120955	0",0
"4121198..4121554	0",0
"4121916..4124348	0",0
"4124417..4125376	0",0
"4125439..4126479	0",0
"4127295..4128725	0",0
"4128751..4129083	0",0
"4129323..4129691	0",0
"4129893..4130357	0",0
"4130357..4131712	0",0
"4131739..4132392	0",0
"4132518..4133519	0",0
"4133516..4134592	0",0
"4134726..4136048	0",0
"4136122..4137114	0",0
"4137206..4138138	0",0
"4138202..4139755	0",0
"4139805..4140242	0",0
"4140239..4140463	0",0
"4140493..4142022	0",0
"4142044..4142745	0",0
"4142748..4143920	0",0
"4143951..4144916	0",0
"4144913..4145614	0",0
"4145614..4146891	0",0
"4146888..4148186	0",0
"4148318..4148962	0",0
"4149091..4149480	0",0
"4149591..4149911	0",0
"4150030..4151040	0",0
"4151180..4152217	1",1
"4152218..4153483	1",1
"4153740..4155674	0",0
"4155740..4156729	0",0
"4156981..4158222	1",1
"4158227..4158922	1",1
"4158931..4159821	0",0
"4159889..4160500	0",0
"4160512..4160913	0",0
"4161048..4161773	0",0
"4161815..4162258	0",0
"4162306..4163718	0",0
"4163736..4164998	0",0
"4164995..4166731	1",1
"4166821..4168128	1",1
"4168536..4169300	0",0
"4170214..4171143	0",0
"4171421..4172614	0",0
"4172955..4174763	0",0
"4174873..4178070	0",0
"4178285..4180615	0",0
"4180680..4181720	0",0
"4181758..4182834	0",0
"4182934..4183992	0",0
"4184012..4184512	0",0
"4184526..4185890	0",0
"4186089..4186577	0",0
"4186634..4187695	0",0
"4187699..4189288	0",0
"4189285..4190232	0",0
"4190284..4190517	0",0
"4190833..4192179	0",0
"4192179..4192853	0",0
"4192850..4193245	0",0
"4193391..4195373	0",0
"4195440..4195802	0",0
"4195886..4196098	0",0
"4196171..4196506	0",0
"4196724..4197107	0",0
"4197236..4197595	0",0
"4197628..4198137	0",0
"4198205..4198597	0",0
"4199247..4199705	1",1
"4199721..4200221	0",0
"4200421..4201326	0",0
"4201289..4201888	0",0
"4201894..4202613	0",0
"4202610..4203299	0",0
"4203287..4204417	0",0
"4204426..4205373	0",0
"4205538..4205840	0",0
"4205862..4206917	0",0
"4206996..4208876	0",0
"4209047..4209526	0",0
"4209582..4211009	0",0
"4211080..4211784	0",0
"4212293..4212982	0",0
"4212996..4213940	0",0
"4214070..4214429	0",0
"4214615..4214887	0",0
"4215200..4215775	0",0
"4216404..4216730	0",0
"4217134..4218195	0",0
"4218241..4218825	0",0
"4218849..4219673	0",0
"4219685..4220932	0",0
"4221089..4222648	0",0
"4222694..4223680	0",0
"4223699..4224895	1",1
"4224985..4226985	0",0
"4226989..4227525	0",0
"4227529..4228350	1",1
"4228347..4229261	1",1
"4229258..4230100	0",0
"4230256..4231236	0",0
"4231320..4232393	0",0
"4232374..4233597	0",0
"4233610..4234536	0",0
"4234780..4235265	0",0
"4235374..4235739	0",0
"4235779..4237164	1",1
"4237165..4237929	1",1
"4237932..4239863	1",1
"4239863..4243147	1",1
"4243233..4246517	0",0
"4246514..4249810	1",1
"4249878..4251005	0",0
"4251085..4252866	0",0
"4252993..4254327	0",0
"4254380..4255948	1",1
"4255945..4261146	1",1
"4261153..4263066	1",1
"4263355..4264365	1",1
"4264563..4265462	0",0
"4265642..4266658	0",0
"4266953..4268836	1",1
"4268925..4269833	1",1
"4269840..4270337	0",0
"4270366..4272279	1",1
"4272276..4273475	0",0
"4273739..4274593	0",0
"4274798..4276417	0",0
"4276571..4278085	0",0
"4278394..4279215	0",0
"4279230..4280015	0",0
"4280033..4280788	0",0
"4280792..4281571	0",0
"4281647..4282402	0",0
"4282449..4283999	0",0
"4283996..4284331	0",0
"4284419..4285825	0",0
"4285973..4286686	0",0
"4286721..4287935	0",0
"4288260..4291529	0",0
"4291639..4293174	0",0
"4293225..4299605	0",0
"4299812..4301566	0",0
"4301563..4302789	0",0
"4302786..4303397	0",0
"4303398..4305008	0",0
"4305056..4305685	0",0
"4305757..4306239	0",0
"4306236..4306811	0",0
"4306867..4307658	0",0
"4307655..4308914	1",1
"4309047..4310396	0",0
"4310401..4310814	0",0
"4311009..4311707	0",0
"4311704..4312669	0",0
"4312765..4313541	0",0
"4313567..4313980	0",0
"4314178..4314723	0",0
"4314738..4315562	0",0
"4315568..4316596	0",0
"4318775..4319266	0",0
"4319281..4319640	0",0
"4320704..4321327	0",0
"4321538..4322071	0",0
"4322326..4323234	0",0
"4323499..4323897	0",0
"4324015..4324671	0",0
"4324683..4324967	0",0
"4325074..4325478	0",0
"4325495..4325968	0",0
"4326004..4327473	0",0
"4327549..4328199	0",0
"4328401..4329408	0",0
"4329417..4329614	0",0
"4330039..4331505	1",1
"4331498..4336081	1",1
"4336777..4337949	0",0
"4337946..4338272	0",0
"4338171..4338521	0",0
"4338849..4340027	0",0
"4340270..4341478	0",0
"4341566..4341877	0",0
"4341880..4342731	0",0
"4342770..4343321	0",0
"4343314..4345035	0",0
"4345039..4346481	0",0
"4346481..4348724	0",0
"4348827..4350602	0",0
"4350745..4351044	0",0
"4351075..4352181	0",0
"4352274..4352576	0",0
"4352609..4352896	0",0
"4353010..4355010	0",0
"4355007..4356542	0",0
"4356693..4357535	0",0
"4357593..4359782	0",0
"4360199..4360546	0",0
"4360543..4361925	0",0
"4362032..4363420	0",0
"4363417..4364757	0",0
"4364979..4366838	0",0
"4366908..4368521	0",0
"4368518..4370170	0",0
"4370155..4371684	0",0
"4371681..4372706	0",0
"4372800..4373630	0",0
"4373726..4374013	0",0
"4374049..4374372	0",0
"4374484..4375683	0",0
"4375762..4375995	0",0
"4376262..4380452	0",0
"4380453..4381940	0",0
"4381943..4382851	0",0
"4383008..4383640	0",0
"4383653..4383985	0",0
"4384147..4385379	0",0
"4385373..4386308	0",0
"4386365..4386814	0",0
"4387365..4387895	0",0
"4387892..4390432	0",0
"4390437..4390709	0",0
"4390720..4391031	0",0
"4391097..4391606	0",0
"4391631..4393073	1",1
"4393449..4394195	0",0
"4394192..4396600	0",0
"4396597..4400151	0",0
"4400186..4400854	0",0
"4400870..4401634	0",0
"4401728..4402735	1",1
"4402732..4403082	0",0
"4403192..4404412	1",1
"4404433..4405167	0",0
"4405457..4406491	1",1
"4406488..4407531	1",1
"4407528..4408202	0",0
"4408334..4408897	0",0
"4408969..4410069	1",1
"4410053..4410415	0",0
"4410412..4410789	0",0
"4410786..4410929	0",0
